-- MySQL dump 10.13  Distrib 8.0.27, for Win64 (x86_64)
--
-- Host: localhost    Database: kpi_wes3
-- ------------------------------------------------------
-- Server version	8.0.29

/*!40101 SET @OLD_CHARACTER_SET_CLIENT=@@CHARACTER_SET_CLIENT */;
/*!40101 SET @OLD_CHARACTER_SET_RESULTS=@@CHARACTER_SET_RESULTS */;
/*!40101 SET @OLD_COLLATION_CONNECTION=@@COLLATION_CONNECTION */;
/*!50503 SET NAMES utf8 */;
/*!40103 SET @OLD_TIME_ZONE=@@TIME_ZONE */;
/*!40103 SET TIME_ZONE='+00:00' */;
/*!40014 SET @OLD_UNIQUE_CHECKS=@@UNIQUE_CHECKS, UNIQUE_CHECKS=0 */;
/*!40014 SET @OLD_FOREIGN_KEY_CHECKS=@@FOREIGN_KEY_CHECKS, FOREIGN_KEY_CHECKS=0 */;
/*!40101 SET @OLD_SQL_MODE=@@SQL_MODE, SQL_MODE='NO_AUTO_VALUE_ON_ZERO' */;
/*!40111 SET @OLD_SQL_NOTES=@@SQL_NOTES, SQL_NOTES=0 */;

--
-- Table structure for table `flow_steps`
--

DROP TABLE IF EXISTS `flow_steps`;
/*!40101 SET @saved_cs_client     = @@character_set_client */;
/*!50503 SET character_set_client = utf8mb4 */;
CREATE TABLE `flow_steps` (
  `FlowID` int NOT NULL,
  `StepID` int NOT NULL,
  `StepOrder` int DEFAULT NULL,
  KEY `FlowID` (`FlowID`),
  KEY `StepID` (`StepID`),
  CONSTRAINT `flow_steps_ibfk_1` FOREIGN KEY (`FlowID`) REFERENCES `flows` (`ID`),
  CONSTRAINT `flow_steps_ibfk_2` FOREIGN KEY (`StepID`) REFERENCES `steps` (`ID`)
) ENGINE=InnoDB DEFAULT CHARSET=utf8mb4 COLLATE=utf8mb4_0900_ai_ci;
/*!40101 SET character_set_client = @saved_cs_client */;

--
-- Dumping data for table `flow_steps`
--

LOCK TABLES `flow_steps` WRITE;
/*!40000 ALTER TABLE `flow_steps` DISABLE KEYS */;
INSERT INTO `flow_steps` VALUES (14,1,1),(14,2,2),(15,3,1),(16,4,1),(17,7,1),(18,3,1),(19,5,1),(19,2,2),(20,6,1);
/*!40000 ALTER TABLE `flow_steps` ENABLE KEYS */;
UNLOCK TABLES;

--
-- Table structure for table `flows`
--

DROP TABLE IF EXISTS `flows`;
/*!40101 SET @saved_cs_client     = @@character_set_client */;
/*!50503 SET character_set_client = utf8mb4 */;
CREATE TABLE `flows` (
  `ID` int NOT NULL AUTO_INCREMENT,
  `Name` varchar(255) NOT NULL,
  `StrategyName` varchar(255) DEFAULT NULL,
  `FlowType` varchar(255) DEFAULT NULL,
  PRIMARY KEY (`ID`)
) ENGINE=InnoDB AUTO_INCREMENT=21 DEFAULT CHARSET=utf8mb4 COLLATE=utf8mb4_0900_ai_ci;
/*!40101 SET character_set_client = @saved_cs_client */;

--
-- Dumping data for table `flows`
--

LOCK TABLES `flows` WRITE;
/*!40000 ALTER TABLE `flows` DISABLE KEYS */;
INSERT INTO `flows` VALUES (14,'Carton Erector Build','Storage Location Build','CEB'),(15,'Transport to Picking','Transport','TP'),(16,'Heavy Single Line Picking','Picking','HSLP'),(17,'AutoStore Picking','Picking','AP'),(18,'Transport to Packing','Transport','TPK'),(19,'PANDA','Packing','PANDA'),(20,'Transport to Ship Sorter','Transport','TSS');
/*!40000 ALTER TABLE `flows` ENABLE KEYS */;
UNLOCK TABLES;

--
-- Table structure for table `hardware`
--

DROP TABLE IF EXISTS `hardware`;
/*!40101 SET @saved_cs_client     = @@character_set_client */;
/*!50503 SET character_set_client = utf8mb4 */;
CREATE TABLE `hardware` (
  `ID` int NOT NULL AUTO_INCREMENT,
  `Name` varchar(255) NOT NULL,
  `Type` varchar(255) DEFAULT NULL,
  `Model` varchar(255) DEFAULT NULL,
  `WeightCapacity` varchar(255) DEFAULT NULL,
  PRIMARY KEY (`ID`)
) ENGINE=InnoDB AUTO_INCREMENT=10 DEFAULT CHARSET=utf8mb4 COLLATE=utf8mb4_0900_ai_ci;
/*!40101 SET character_set_client = @saved_cs_client */;

--
-- Dumping data for table `hardware`
--

LOCK TABLES `hardware` WRITE;
/*!40000 ALTER TABLE `hardware` DISABLE KEYS */;
INSERT INTO `hardware` VALUES (1,'EAGLE','CARTON ERECTOR','T20CF','100'),(2,'Windows 11','SCANNER WITH PORTAL','Win 11','200'),(3,'Zebra','SCANNER','DS4308-XD','300'),(4,'RARUK','AMR','MiR1000 (IDENTIFIER)','400'),(5,'Swisslog','Heavy Lifting Arm','ItemPiQ','500'),(6,'Conveyor- I','Conveyor','ID-121','600'),(7,'Conveyor- II','Conveyor','ID-122','400');
/*!40000 ALTER TABLE `hardware` ENABLE KEYS */;
UNLOCK TABLES;

--
-- Table structure for table `inventory`
--

DROP TABLE IF EXISTS `inventory`;
/*!40101 SET @saved_cs_client     = @@character_set_client */;
/*!50503 SET character_set_client = utf8mb4 */;
CREATE TABLE `inventory` (
  `ID` int NOT NULL AUTO_INCREMENT,
  `ParentID` int DEFAULT NULL,
  `InventoryType` varchar(255) DEFAULT NULL,
  `LPN` varchar(200) DEFAULT NULL,
  `Quantity` varchar(200) DEFAULT NULL,
  `HardwareID` int DEFAULT NULL,
  `ItemID` int DEFAULT NULL,
  `Setting1` varchar(200) DEFAULT NULL,
  `Setting2` varchar(200) DEFAULT NULL,
  PRIMARY KEY (`ID`),
  KEY `HardwareID` (`HardwareID`),
  CONSTRAINT `inventory_ibfk_1` FOREIGN KEY (`HardwareID`) REFERENCES `hardware` (`ID`)
) ENGINE=InnoDB AUTO_INCREMENT=14 DEFAULT CHARSET=utf8mb4 COLLATE=utf8mb4_0900_ai_ci;
/*!40101 SET character_set_client = @saved_cs_client */;

--
-- Dumping data for table `inventory`
--

LOCK TABLES `inventory` WRITE;
/*!40000 ALTER TABLE `inventory` DISABLE KEYS */;
INSERT INTO `inventory` VALUES (1,NULL,'Electronic Good','P-100','1',1,1,'Setting-I','Setting-II'),(2,NULL,'Electronic Good','L-200','1',1,2,'Setting-I','Setting-II'),(3,NULL,'Electronic Good','T-300','1',4,3,'Setting-I','Setting-II'),(4,NULL,'Electronic Good','M-400','1',5,4,'Setting-I','Setting-II'),(5,NULL,'Electronic Good','H-500','1',6,5,'Setting-I','Setting-II'),(6,NULL,'Storage Location','R-222','1',2,6,'Setting-I','Setting-II'),(7,NULL,'Storage Location','B-333','1',1,7,'Setting-I','Setting-II'),(8,7,'Electronic Good','M-400','1',5,4,'Setting-I','Setting-II'),(9,6,'Electronic Good','L-200','1',1,2,'Setting-I','Setting-II'),(10,6,'Electronic Good','P-100','1',1,1,'Setting-I','Setting-II'),(11,7,'Electronic Good','H-500','1',7,5,'Setting-I','Setting-II');
/*!40000 ALTER TABLE `inventory` ENABLE KEYS */;
UNLOCK TABLES;

--
-- Table structure for table `items`
--

DROP TABLE IF EXISTS `items`;
/*!40101 SET @saved_cs_client     = @@character_set_client */;
/*!50503 SET character_set_client = utf8mb4 */;
CREATE TABLE `items` (
  `ID` int NOT NULL AUTO_INCREMENT,
  `Name` varchar(255) NOT NULL,
  `Category` varchar(255) DEFAULT NULL,
  `Weight` varchar(255) DEFAULT NULL,
  `Dimensions` varchar(255) DEFAULT NULL,
  PRIMARY KEY (`ID`)
) ENGINE=InnoDB AUTO_INCREMENT=8 DEFAULT CHARSET=utf8mb4 COLLATE=utf8mb4_0900_ai_ci;
/*!40101 SET character_set_client = @saved_cs_client */;

--
-- Dumping data for table `items`
--

LOCK TABLES `items` WRITE;
/*!40000 ALTER TABLE `items` DISABLE KEYS */;
INSERT INTO `items` VALUES (1,'Printer','Goods','5','20x10x5'),(2,'Laptop','Goods','7','10x10x5'),(3,'Television','Goods','12.5','40x20x5'),(4,'Mobile','Goods','1','5x5'),(5,'Headphones','Goods','2','7x7'),(6,'Racks','Storage','100','150x150x15'),(7,'Bins','Storage','20','30x30x15');
/*!40000 ALTER TABLE `items` ENABLE KEYS */;
UNLOCK TABLES;

--
-- Table structure for table `logs`
--

DROP TABLE IF EXISTS `logs`;
/*!40101 SET @saved_cs_client     = @@character_set_client */;
/*!50503 SET character_set_client = utf8mb4 */;
CREATE TABLE `logs` (
  `ID` int NOT NULL AUTO_INCREMENT,
  `ParentID` int DEFAULT NULL,
  `OrderID` int NOT NULL,
  `LogName` varchar(255) NOT NULL,
  `Created` datetime NOT NULL,
  `Elapsed` time DEFAULT NULL,
  PRIMARY KEY (`ID`),
  KEY `OrderID` (`OrderID`),
  CONSTRAINT `logs_ibfk_1` FOREIGN KEY (`OrderID`) REFERENCES `orders` (`ID`)
) ENGINE=InnoDB AUTO_INCREMENT=3768 DEFAULT CHARSET=utf8mb4 COLLATE=utf8mb4_0900_ai_ci;
/*!40101 SET character_set_client = @saved_cs_client */;

--
-- Dumping data for table `logs`
--

LOCK TABLES `logs` WRITE;
/*!40000 ALTER TABLE `logs` DISABLE KEYS */;
INSERT INTO `logs` VALUES (3299,0,166,'ORDER 166 received from external system (Order Type: HSLP)','2022-10-04 11:17:20',NULL),(3300,3299,166,'WESFC locating Inentory','2022-10-04 11:17:20',NULL),(3301,3299,166,'WESFC located item 4 in Storage Location 0','2022-10-04 11:17:20',NULL),(3302,3299,166,'WESFC started Heavy Single Line Work Flow Workflow','2022-10-04 11:17:20',NULL),(3303,3302,166,'WESFC started flow Carton Erector Build','2022-10-04 11:17:23',NULL),(3304,0,167,'ORDER 167 received from external system (Order Type: HSLP)','2022-10-04 11:36:38',NULL),(3305,3304,167,'WESFC locating Inentory','2022-10-04 11:36:38',NULL),(3306,3304,167,'WESFC located item 4 in Storage Location 0','2022-10-04 11:36:38',NULL),(3307,3304,167,'WESFC started Heavy Single Line Work Flow Workflow','2022-10-04 11:36:38',NULL),(3308,0,168,'ORDER 168 received from external system (Order Type: CEB)','2022-10-04 11:38:05',NULL),(3309,3308,168,'WESFC locating Inentory','2022-10-04 11:38:05',NULL),(3310,3308,168,'WESFC located item 1 in Storage Location 0','2022-10-04 11:38:06',NULL),(3311,3308,168,'WESFC started Heavy Multi Line Work Flow Workflow','2022-10-04 11:38:06',NULL),(3312,3311,168,'WESFC started flow Carton Erector Build','2022-10-04 11:38:08',NULL),(3313,0,169,'ORDER 169 received from external system (Order Type: CEB)','2022-10-04 11:53:35',NULL),(3314,3313,169,'WESFC locating Inentory','2022-10-04 11:53:35',NULL),(3315,3313,169,'WESFC located item 1 in Storage Location 0','2022-10-04 11:53:35',NULL),(3316,3313,169,'WESFC started Heavy Multi Line Work Flow Workflow','2022-10-04 11:53:35',NULL),(3317,3316,169,'WESFC started flow Carton Erector Build','2022-10-04 11:53:37',NULL),(3318,3317,169,'WESFC send command to Carton Erector for hardware EAGLE','2022-10-04 11:53:38','00:00:03'),(3319,0,170,'ORDER 170 received from external system (Order Type: CEB)','2022-10-04 11:54:39',NULL),(3320,3319,170,'WESFC locating Inentory','2022-10-04 11:54:39',NULL),(3321,3319,170,'WESFC located item 1 in Storage Location 0','2022-10-04 11:54:39',NULL),(3322,3319,170,'WESFC started Heavy Multi Line Work Flow Workflow','2022-10-04 11:54:39',NULL),(3323,3322,170,'WESFC started flow Carton Erector Build','2022-10-04 11:54:41',NULL),(3324,3323,170,'WESFC send command to Carton Erector for hardware EAGLE','2022-10-04 11:54:43','00:00:03'),(3325,3324,170,'Received Response from Carton Erector (Success)','2022-10-04 11:54:43','00:00:01'),(3326,3323,170,'WESFC send command to Scanner with Portal for hardware Windows 11','2022-10-04 11:54:43','00:00:01'),(3327,3326,170,'Received Response from Scanner with Portal (Success)','2022-10-04 11:54:43','00:00:01'),(3328,3322,170,'WESFC started flow Transport to Picking','2022-10-04 11:54:50',NULL),(3329,3322,170,'WESFC started flow Heavy Single Line Picking','2022-10-04 11:55:00',NULL),(3330,3328,170,'WESFC send command to AMR for hardware RARUK','2022-10-04 11:55:01','00:00:18'),(3331,3330,170,'Received Response from AMR (Success)','2022-10-04 11:55:01','00:00:01'),(3332,3328,170,'WESFC send command to AMR for hardware RARUK','2022-10-04 11:55:01','00:00:00'),(3333,3332,170,'Received Response from AMR (Success)','2022-10-04 11:55:01','00:00:01'),(3334,3322,170,'WESFC started flow Transport to Picking','2022-10-04 11:55:10',NULL),(3335,3329,170,'WESFC send command to Heavy Lifting Arm for hardware Swisslog','2022-10-04 11:55:12','00:00:10'),(3336,3335,170,'Received Response from Heavy Lifting Arm (Success)','2022-10-04 11:55:12','00:00:01'),(3337,3322,170,'WESFC started flow AutoStore Picking','2022-10-04 11:55:20',NULL),(3338,3334,170,'WESFC send command to AMR for hardware RARUK','2022-10-04 11:55:22','00:00:11'),(3339,3338,170,'Received Response from AMR (Success)','2022-10-04 11:55:22','00:00:01'),(3340,3334,170,'WESFC send command to AMR for hardware RARUK','2022-10-04 11:55:22','00:00:00'),(3341,3340,170,'Received Response from AMR (Success)','2022-10-04 11:55:22','00:00:01'),(3342,3322,170,'WESFC started flow Transport to Packing','2022-10-04 11:55:30',NULL),(3343,3337,170,'WESFC send command to AutoStore for hardware EAGLE','2022-10-04 11:55:32','00:00:10'),(3344,3343,170,'Received Response from AutoStore (Success)','2022-10-04 11:55:33','00:00:01'),(3345,3322,170,'WESFC started flow PANDA','2022-10-04 11:55:40',NULL),(3346,3342,170,'WESFC send command to AMR for hardware RARUK','2022-10-04 11:55:43','00:00:11'),(3347,3346,170,'Received Response from AMR (Success)','2022-10-04 11:55:43','00:00:01'),(3348,3322,170,'WESFC started flow Transport to Ship Sorter','2022-10-04 11:55:50',NULL),(3349,3345,170,'WESFC send command to Conveyco for hardware Conveyor- II','2022-10-04 11:55:53','00:00:10'),(3350,3349,170,'Received Response from Conveyco (Success)','2022-10-04 11:55:53','00:00:01'),(3351,3345,170,'WESFC send command to Scanner with Portal for hardware Windows 11','2022-10-04 11:55:54','00:00:01'),(3352,3351,170,'Received Response from Scanner with Portal (Success)','2022-10-04 11:55:54','00:00:01'),(3353,3348,170,'WESFC send command to Conveyor for hardware Conveyor- I','2022-10-04 11:56:04','00:00:10'),(3354,3353,170,'Received Response from Conveyor (Success)','2022-10-04 11:56:04','00:00:01'),(3355,0,171,'ORDER 171 received from external system (Order Type: HSLP)','2022-10-04 12:02:15',NULL),(3356,3355,171,'WESFC locating Inentory','2022-10-04 12:02:15',NULL),(3357,3355,171,'WESFC located item 4 in Storage Location 0','2022-10-04 12:02:15',NULL),(3358,3355,171,'WESFC started Heavy Single Line Work Flow Workflow','2022-10-04 12:02:15',NULL),(3359,3358,171,'WESFC started flow Carton Erector Build','2022-10-04 12:02:17',NULL),(3360,3359,171,'WESFC send command to Carton Erector for hardware EAGLE','2022-10-04 12:02:19','00:00:03'),(3361,3360,171,'Received Response from Carton Erector (Success)','2022-10-04 12:02:19','00:00:00'),(3362,3359,171,'WESFC send command to Scanner with Portal for hardware Windows 11','2022-10-04 12:02:19','00:00:00'),(3363,3362,171,'Received Response from Scanner with Portal (Success)','2022-10-04 12:02:19','00:00:00'),(3364,3358,171,'WESFC started flow Transport to Picking','2022-10-04 12:02:26',NULL),(3365,3358,171,'WESFC started flow Heavy Single Line Picking','2022-10-04 12:02:36',NULL),(3366,3364,171,'WESFC send command to AMR for hardware RARUK','2022-10-04 12:02:42','00:00:23'),(3367,3366,171,'Received Response from AMR (Success)','2022-10-04 12:02:42','00:00:00'),(3368,3358,171,'WESFC started flow Transport to Packing','2022-10-04 12:02:46',NULL),(3369,3358,171,'WESFC started flow PANDA','2022-10-04 12:02:56',NULL),(3370,3365,171,'WESFC send command to Heavy Lifting Arm for hardware Swisslog','2022-10-04 12:02:57','00:00:15'),(3371,3370,171,'Received Response from Heavy Lifting Arm (Success)','2022-10-04 12:02:57','00:00:00'),(3372,3358,171,'WESFC started flow Transport to Ship Sorter','2022-10-04 12:03:06',NULL),(3373,3368,171,'WESFC send command to AMR for hardware RARUK','2022-10-04 12:03:12','00:00:15'),(3374,3373,171,'Received Response from AMR (Success)','2022-10-04 12:03:12','00:00:00'),(3375,3369,171,'WESFC send command to Conveyco for hardware Conveyor- II','2022-10-04 12:03:27','00:00:15'),(3376,3375,171,'Received Response from Conveyco (Success)','2022-10-04 12:03:27','00:00:00'),(3377,3369,171,'WESFC send command to Scanner with Portal for hardware Windows 11','2022-10-04 12:03:27','00:00:00'),(3378,3377,171,'Received Response from Scanner with Portal (Success)','2022-10-04 12:03:27','00:00:00'),(3379,3372,171,'WESFC send command to Conveyor for hardware Conveyor- I','2022-10-04 12:03:42','00:00:15'),(3380,3379,171,'Received Response from Conveyor (Success)','2022-10-04 12:03:42','00:00:00'),(3381,0,172,'ORDER 172 received from external system (Order Type: HSLP)','2022-10-04 12:05:54',NULL),(3382,3381,172,'WESFC locating Inentory','2022-10-04 12:05:54',NULL),(3383,3381,172,'WESFC located item 4 in Storage Location 0','2022-10-04 12:05:54',NULL),(3384,3381,172,'WESFC started Heavy Single Line Work Flow Workflow','2022-10-04 12:05:54',NULL),(3385,3384,172,'WESFC started flow Carton Erector Build','2022-10-04 12:05:56',NULL),(3386,3385,172,'WESFC send command to Carton Erector for hardware EAGLE','2022-10-04 12:05:56','00:00:02'),(3387,3385,172,'WESFC send command to Scanner with Portal for hardware Windows 11','2022-10-04 12:05:56','00:00:02'),(3388,3386,172,'Received Response from Carton Erector (Success)','2022-10-04 12:05:56','00:00:00'),(3389,3387,172,'Received Response from Scanner with Portal (Success)','2022-10-04 12:05:57','00:00:00'),(3390,3384,172,'WESFC started flow Transport to Picking','2022-10-04 12:06:05',NULL),(3391,3390,172,'WESFC send command to AMR for hardware RARUK','2022-10-04 12:06:05','00:00:09'),(3392,3391,172,'Received Response from AMR (Success)','2022-10-04 12:06:05','00:00:00'),(3393,3384,172,'WESFC started flow Heavy Single Line Picking','2022-10-04 12:06:15',NULL),(3394,3393,172,'WESFC send command to Heavy Lifting Arm for hardware Swisslog','2022-10-04 12:06:15','00:00:10'),(3395,3394,172,'Received Response from Heavy Lifting Arm (Success)','2022-10-04 12:06:15','00:00:00'),(3396,3384,172,'WESFC started flow Transport to Packing','2022-10-04 12:06:25',NULL),(3397,3396,172,'WESFC send command to AMR for hardware RARUK','2022-10-04 12:06:25','00:00:10'),(3398,3397,172,'Received Response from AMR (Success)','2022-10-04 12:06:25','00:00:00'),(3399,3384,172,'WESFC started flow PANDA','2022-10-04 12:06:35',NULL),(3400,3399,172,'WESFC send command to Conveyco for hardware Conveyor- II','2022-10-04 12:06:35','00:00:10'),(3401,3399,172,'WESFC send command to Scanner with Portal for hardware Windows 11','2022-10-04 12:06:35','00:00:10'),(3402,3400,172,'Received Response from Conveyco (Success)','2022-10-04 12:06:35','00:00:00'),(3403,3401,172,'Received Response from Scanner with Portal (Success)','2022-10-04 12:06:35','00:00:00'),(3404,3384,172,'WESFC started flow Transport to Ship Sorter','2022-10-04 12:06:45',NULL),(3405,3404,172,'WESFC send command to Conveyor for hardware Conveyor- I','2022-10-04 12:06:45','00:00:10'),(3406,3405,172,'Received Response from Conveyor (Success)','2022-10-04 12:06:45','00:00:00'),(3407,0,173,'ORDER 173 received from external system (Order Type: HSLP)','2022-10-04 12:39:44',NULL),(3408,3407,173,'WESFC locating Inentory','2022-10-04 12:39:44',NULL),(3409,3407,173,'WESFC located item 4 in Storage Location 0','2022-10-04 12:39:44',NULL),(3410,3407,173,'WESFC started Heavy Single Line Work Flow Workflow','2022-10-04 12:39:44',NULL),(3411,3410,173,'WESFC started flow Carton Erector Build','2022-10-04 12:39:46',NULL),(3412,3411,173,'WESFC send command to Carton Erector for hardware EAGLE','2022-10-04 12:39:46','00:00:03'),(3413,3411,173,'WESFC send command to Scanner with Portal for hardware Windows 11','2022-10-04 12:39:46','00:00:03'),(3414,3412,173,'Received Response from Carton Erector (Success)','2022-10-04 12:39:46','00:00:03'),(3415,3413,173,'Received Response from Scanner with Portal (Success)','2022-10-04 12:39:46','00:00:03'),(3416,3410,173,'WESFC started flow Transport to Picking','2022-10-04 12:39:55',NULL),(3417,3416,173,'WESFC send command to AMR for hardware RARUK','2022-10-04 12:39:55','00:00:09'),(3418,3417,173,'Received Response from AMR (Success)','2022-10-04 12:39:55','00:00:02'),(3419,3410,173,'WESFC started flow Heavy Single Line Picking','2022-10-04 12:40:05',NULL),(3420,3419,173,'WESFC send command to Heavy Lifting Arm for hardware Swisslog','2022-10-04 12:40:05','00:00:10'),(3421,3420,173,'Received Response from Heavy Lifting Arm (Success)','2022-10-04 12:40:05','00:00:03'),(3422,3410,173,'WESFC started flow Transport to Packing','2022-10-04 12:40:15',NULL),(3423,3422,173,'WESFC send command to AMR for hardware RARUK','2022-10-04 12:40:15','00:00:10'),(3424,3423,173,'Received Response from AMR (Success)','2022-10-04 12:40:15','00:00:01'),(3425,3410,173,'WESFC started flow PANDA','2022-10-04 12:40:25',NULL),(3426,3425,173,'WESFC send command to Conveyco for hardware Conveyor- II','2022-10-04 12:40:25','00:00:10'),(3427,3425,173,'WESFC send command to Scanner with Portal for hardware Windows 11','2022-10-04 12:40:25','00:00:10'),(3428,3426,173,'Received Response from Conveyco (Success)','2022-10-04 12:40:26','00:00:01'),(3429,3427,173,'Received Response from Scanner with Portal (Success)','2022-10-04 12:40:26','00:00:02'),(3430,3410,173,'WESFC started flow Transport to Ship Sorter','2022-10-04 12:40:35',NULL),(3431,3430,173,'WESFC send command to Conveyor for hardware Conveyor- I','2022-10-04 12:40:35','00:00:10'),(3432,3431,173,'Received Response from Conveyor (Success)','2022-10-04 12:40:35','00:00:03'),(3433,0,174,'ORDER 174 received from external system (Order Type: HSLP)','2022-10-04 15:05:24',NULL),(3434,3433,174,'WESFC locating Inentory','2022-10-04 15:05:24',NULL),(3435,3433,174,'WESFC located item 4 in Storage Location 0','2022-10-04 15:05:24',NULL),(3436,3433,174,'WESFC started Heavy Single Line Work Flow Workflow','2022-10-04 15:05:24',NULL),(3437,0,175,'ORDER 175 received from external system (Order Type: HSLP)','2022-10-04 15:06:07',NULL),(3438,3437,175,'WESFC locating Inentory','2022-10-04 15:06:08',NULL),(3439,3437,175,'WESFC located item 4 in Storage Location 0','2022-10-04 15:06:08',NULL),(3440,3437,175,'WESFC started Heavy Single Line Work Flow Workflow','2022-10-04 15:06:08',NULL),(3441,0,176,'ORDER 176 received from external system (Order Type: CEB)','2022-10-04 15:10:22',NULL),(3442,3441,176,'WESFC locating Inentory','2022-10-04 15:10:22',NULL),(3443,3441,176,'WESFC located item 2 in Storage Location 0','2022-10-04 15:10:22',NULL),(3444,3441,176,'WESFC started Heavy Multi Line Work Flow Workflow','2022-10-04 15:10:22','00:00:00'),(3445,0,177,'ORDER 177 received from external system (Order Type: CEB)','2022-10-04 15:12:26',NULL),(3446,3445,177,'WESFC locating Inentory','2022-10-04 15:12:26',NULL),(3447,3445,177,'WESFC located item 2 in Storage Location 0','2022-10-04 15:12:26',NULL),(3448,3445,177,'WESFC started Heavy Multi Line Work Flow Workflow','2022-10-04 15:12:26','00:00:00'),(3449,3448,177,'WESFC started flow Carton Erector Build','2022-10-04 15:12:28','00:00:00'),(3450,3449,177,'WESFC send command to Carton Erector for hardware EAGLE','2022-10-04 15:12:28','00:00:02'),(3451,0,178,'ORDER 178 received from external system (Order Type: CEB)','2022-10-04 15:12:54',NULL),(3452,3451,178,'WESFC locating Inentory','2022-10-04 15:12:54',NULL),(3453,3451,178,'WESFC located item 2 in Storage Location 0','2022-10-04 15:12:54',NULL),(3454,3451,178,'WESFC started Heavy Multi Line Work Flow Workflow','2022-10-04 15:12:54','00:00:00'),(3455,3454,178,'WESFC started flow Carton Erector Build','2022-10-04 15:12:56','00:00:00'),(3456,3455,178,'WESFC send command to Carton Erector for hardware EAGLE','2022-10-04 15:12:56','00:00:02'),(3457,3455,178,'WESFC send command to Scanner with Portal for hardware Windows 11','2022-10-04 15:12:56','00:00:02'),(3458,3456,178,'Received Response from Carton Erector (Success)','2022-10-04 15:12:57','00:00:03'),(3459,3457,178,'Received Response from Scanner with Portal (Success)','2022-10-04 15:12:57','00:00:01'),(3460,3454,178,'WESFC started flow Transport to Picking','2022-10-04 15:13:05','00:00:00'),(3461,3460,178,'WESFC send command to AMR for hardware RARUK','2022-10-04 15:13:05','00:00:09'),(3462,3460,178,'WESFC send command to AMR for hardware RARUK','2022-10-04 15:13:05','00:00:09'),(3463,3461,178,'Received Response from AMR (Success)','2022-10-04 15:13:05','00:00:03'),(3464,3462,178,'Received Response from AMR (Success)','2022-10-04 15:13:05','00:00:01'),(3465,3454,178,'WESFC started flow Heavy Single Line Picking','2022-10-04 15:13:15','00:00:00'),(3466,3465,178,'WESFC send command to Heavy Lifting Arm for hardware Swisslog','2022-10-04 15:13:15','00:00:10'),(3467,3466,178,'Received Response from Heavy Lifting Arm (Success)','2022-10-04 15:13:15','00:00:03'),(3468,3454,178,'WESFC started flow Transport to Picking','2022-10-04 15:13:25','00:00:18'),(3469,3468,178,'WESFC send command to AMR for hardware RARUK','2022-10-04 15:13:25','00:00:10'),(3470,3468,178,'WESFC send command to AMR for hardware RARUK','2022-10-04 15:13:25','00:00:10'),(3471,3469,178,'Received Response from AMR (Success)','2022-10-04 15:13:26','00:00:02'),(3472,3470,178,'Received Response from AMR (Success)','2022-10-04 15:13:26','00:00:03'),(3473,3454,178,'WESFC started flow AutoStore Picking','2022-10-04 15:13:35','00:00:00'),(3474,3473,178,'WESFC send command to AutoStore for hardware EAGLE','2022-10-04 15:13:35','00:00:10'),(3475,3474,178,'Received Response from AutoStore (Success)','2022-10-04 15:13:36','00:00:01'),(3476,3454,178,'WESFC started flow Transport to Packing','2022-10-04 15:13:45','00:00:00'),(3477,3476,178,'WESFC send command to AMR for hardware RARUK','2022-10-04 15:13:45','00:00:10'),(3478,3477,178,'Received Response from AMR (Success)','2022-10-04 15:13:46','00:00:02'),(3479,3454,178,'WESFC started flow PANDA','2022-10-04 15:13:55','00:00:00'),(3480,3479,178,'WESFC send command to Conveyco for hardware Conveyor- II','2022-10-04 15:13:55','00:00:10'),(3481,3479,178,'WESFC send command to Scanner with Portal for hardware Windows 11','2022-10-04 15:13:55','00:00:10'),(3482,3480,178,'Received Response from Conveyco (Success)','2022-10-04 15:13:56','00:00:03'),(3483,3481,178,'Received Response from Scanner with Portal (Success)','2022-10-04 15:13:56','00:00:03'),(3484,3454,178,'WESFC started flow Transport to Ship Sorter','2022-10-04 15:14:05','00:00:00'),(3485,3484,178,'WESFC send command to Conveyor for hardware Conveyor- I','2022-10-04 15:14:05','00:00:10'),(3486,3485,178,'Received Response from Conveyor (Success)','2022-10-04 15:14:05','00:00:03'),(3487,0,179,'ORDER 179 received from external system (Order Type: CEB)','2022-10-04 15:16:04',NULL),(3488,3487,179,'WESFC locating Inentory','2022-10-04 15:16:04',NULL),(3489,3487,179,'WESFC located item 2 in Storage Location 0','2022-10-04 15:16:04',NULL),(3490,3487,179,'WESFC started Heavy Multi Line Work Flow Workflow','2022-10-04 15:16:04','00:00:00'),(3491,3490,179,'WESFC started flow Carton Erector Build','2022-10-04 15:16:06','00:00:00'),(3492,3491,179,'WESFC send command to Carton Erector for hardware EAGLE','2022-10-04 15:16:06','00:00:02'),(3493,3491,179,'WESFC send command to Scanner with Portal for hardware Windows 11','2022-10-04 15:16:07','00:00:02'),(3494,3492,179,'Received Response from Carton Erector (Success)','2022-10-04 15:16:07','00:00:01'),(3495,3493,179,'Received Response from Scanner with Portal (Success)','2022-10-04 15:16:07','00:00:03'),(3496,3490,179,'WESFC started flow Transport to Picking','2022-10-04 15:16:15','00:00:00'),(3497,3496,179,'WESFC send command to AMR for hardware RARUK','2022-10-04 15:16:16','00:00:09'),(3498,3496,179,'WESFC send command to AMR for hardware RARUK','2022-10-04 15:16:16','00:00:09'),(3499,3497,179,'Received Response from AMR (Success)','2022-10-04 15:16:16','00:00:03'),(3500,3498,179,'Received Response from AMR (Success)','2022-10-04 15:16:16','00:00:02'),(3501,3490,179,'WESFC started flow Heavy Single Line Picking','2022-10-04 15:16:25','00:00:00'),(3502,3501,179,'WESFC send command to Heavy Lifting Arm for hardware Swisslog','2022-10-04 15:16:25','00:00:10'),(3503,3502,179,'Received Response from Heavy Lifting Arm (Success)','2022-10-04 15:16:26','00:00:01'),(3504,3490,179,'WESFC started flow Transport to Picking','2022-10-04 15:16:35','00:00:18'),(3505,3504,179,'WESFC send command to AMR for hardware RARUK','2022-10-04 15:16:35','00:00:10'),(3506,3504,179,'WESFC send command to AMR for hardware RARUK','2022-10-04 15:16:36','00:00:10'),(3507,3505,179,'Received Response from AMR (Success)','2022-10-04 15:16:36','00:00:03'),(3508,3506,179,'Received Response from AMR (Success)','2022-10-04 15:16:36','00:00:01'),(3509,3490,179,'WESFC started flow AutoStore Picking','2022-10-04 15:16:45','00:00:00'),(3510,3509,179,'WESFC send command to AutoStore for hardware EAGLE','2022-10-04 15:16:45','00:00:10'),(3511,3510,179,'Received Response from AutoStore (Success)','2022-10-04 15:16:46','00:00:02'),(3512,3490,179,'WESFC started flow Transport to Packing','2022-10-04 15:16:55','00:00:00'),(3513,3512,179,'WESFC send command to AMR for hardware RARUK','2022-10-04 15:16:56','00:00:10'),(3514,3513,179,'Received Response from AMR (Success)','2022-10-04 15:16:56','00:00:01'),(3515,3490,179,'WESFC started flow PANDA','2022-10-04 15:17:05','00:00:00'),(3516,3515,179,'WESFC send command to Conveyco for hardware Conveyor- II','2022-10-04 15:17:05','00:00:10'),(3517,3515,179,'WESFC send command to Scanner with Portal for hardware Windows 11','2022-10-04 15:17:06','00:00:10'),(3518,3516,179,'Received Response from Conveyco (Success)','2022-10-04 15:17:06','00:00:01'),(3519,3517,179,'Received Response from Scanner with Portal (Success)','2022-10-04 15:17:06','00:00:03'),(3520,3490,179,'WESFC started flow Transport to Ship Sorter','2022-10-04 15:17:15','00:00:00'),(3521,3520,179,'WESFC send command to Conveyor for hardware Conveyor- I','2022-10-04 15:17:15','00:00:10'),(3522,3521,179,'Received Response from Conveyor (Success)','2022-10-04 15:17:16','00:00:02'),(3523,0,180,'ORDER 180 received from external system (Order Type: CEB)','2022-10-04 15:17:38',NULL),(3524,3523,180,'WESFC locating Inentory','2022-10-04 15:17:38',NULL),(3525,3523,180,'WESFC located item 2 in Storage Location 0','2022-10-04 15:17:39',NULL),(3526,3523,180,'WESFC started Heavy Multi Line Work Flow Workflow','2022-10-04 15:17:39','00:00:00'),(3527,3526,180,'WESFC started flow Carton Erector Build','2022-10-04 15:17:41','00:00:00'),(3528,3527,180,'WESFC send command to Carton Erector for hardware EAGLE','2022-10-04 15:17:41','00:00:03'),(3529,3527,180,'WESFC send command to Scanner with Portal for hardware Windows 11','2022-10-04 15:17:41','00:00:03'),(3530,3528,180,'Received Response from Carton Erector (Success)','2022-10-04 15:17:41','00:00:01'),(3531,3529,180,'Received Response from Scanner with Portal (Success)','2022-10-04 15:17:41','00:00:02'),(3532,3526,180,'WESFC started flow Transport to Picking','2022-10-04 15:17:50','00:00:00'),(3533,3532,180,'WESFC send command to AMR for hardware RARUK','2022-10-04 15:17:50','00:00:09'),(3534,3532,180,'WESFC send command to AMR for hardware RARUK','2022-10-04 15:17:50','00:00:09'),(3535,3533,180,'Received Response from AMR (Success)','2022-10-04 15:17:50','00:00:03'),(3536,3534,180,'Received Response from AMR (Success)','2022-10-04 15:17:50','00:00:02'),(3537,3526,180,'WESFC started flow Heavy Single Line Picking','2022-10-04 15:18:00','00:00:00'),(3538,3537,180,'WESFC send command to Heavy Lifting Arm for hardware Swisslog','2022-10-04 15:18:00','00:00:10'),(3539,3538,180,'Received Response from Heavy Lifting Arm (Success)','2022-10-04 15:18:00','00:00:01'),(3540,3526,180,'WESFC started flow Transport to Picking','2022-10-04 15:18:10','00:00:18'),(3541,3540,180,'WESFC send command to AMR for hardware RARUK','2022-10-04 15:18:10','00:00:10'),(3542,3540,180,'WESFC send command to AMR for hardware RARUK','2022-10-04 15:18:10','00:00:10'),(3543,3541,180,'Received Response from AMR (Success)','2022-10-04 15:18:10','00:00:02'),(3544,3542,180,'Received Response from AMR (Success)','2022-10-04 15:18:10','00:00:02'),(3545,3526,180,'WESFC started flow AutoStore Picking','2022-10-04 15:18:20','00:00:00'),(3546,3545,180,'WESFC send command to AutoStore for hardware EAGLE','2022-10-04 15:18:20','00:00:10'),(3547,3546,180,'Received Response from AutoStore (Success)','2022-10-04 15:18:20','00:00:03'),(3548,3526,180,'WESFC started flow Transport to Packing','2022-10-04 15:18:30','00:00:00'),(3549,3548,180,'WESFC send command to AMR for hardware RARUK','2022-10-04 15:18:30','00:00:10'),(3550,3549,180,'Received Response from AMR (Success)','2022-10-04 15:18:30','00:00:02'),(3551,3526,180,'WESFC started flow PANDA','2022-10-04 15:18:40','00:00:00'),(3552,3551,180,'WESFC send command to Conveyco for hardware Conveyor- II','2022-10-04 15:18:40','00:00:10'),(3553,3551,180,'WESFC send command to Scanner with Portal for hardware Windows 11','2022-10-04 15:18:40','00:00:10'),(3554,3552,180,'Received Response from Conveyco (Success)','2022-10-04 15:18:40','00:00:02'),(3555,3553,180,'Received Response from Scanner with Portal (Success)','2022-10-04 15:18:40','00:00:02'),(3556,3526,180,'WESFC started flow Transport to Ship Sorter','2022-10-04 15:18:50','00:00:00'),(3557,3556,180,'WESFC send command to Conveyor for hardware Conveyor- I','2022-10-04 15:18:50','00:00:10'),(3558,3557,180,'Received Response from Conveyor (Success)','2022-10-04 15:18:50','00:00:02'),(3559,0,181,'ORDER 181 received from external system (Order Type: CEB)','2022-10-04 15:32:48',NULL),(3560,3559,181,'WESFC locating Inentory','2022-10-04 15:32:48',NULL),(3561,3559,181,'WESFC located item 2 in Storage Location 0','2022-10-04 15:32:48',NULL),(3562,3559,181,'WESFC started Heavy Multi Line Work Flow Workflow','2022-10-04 15:32:48','00:01:14'),(3563,3562,181,'WESFC started flow Carton Erector Build','2022-10-04 15:32:50','00:00:00'),(3564,3563,181,'WESFC send command to Carton Erector for hardware EAGLE','2022-10-04 15:32:51','00:00:02'),(3565,3563,181,'WESFC send command to Scanner with Portal for hardware Windows 11','2022-10-04 15:32:51','00:00:02'),(3566,3564,181,'Received Response from Carton Erector (Success)','2022-10-04 15:32:51','00:00:01'),(3567,3565,181,'Received Response from Scanner with Portal (Success)','2022-10-04 15:32:51','00:00:03'),(3568,3562,181,'WESFC started flow Transport to Picking','2022-10-04 15:32:59','00:00:00'),(3569,3568,181,'WESFC send command to AMR for hardware RARUK','2022-10-04 15:32:59','00:00:09'),(3570,3568,181,'WESFC send command to AMR for hardware RARUK','2022-10-04 15:32:59','00:00:09'),(3571,3569,181,'Received Response from AMR (Success)','2022-10-04 15:32:59','00:00:03'),(3572,3570,181,'Received Response from AMR (Success)','2022-10-04 15:33:00','00:00:02'),(3573,3562,181,'WESFC started flow Heavy Single Line Picking','2022-10-04 15:33:09','00:00:00'),(3574,3573,181,'WESFC send command to Heavy Lifting Arm for hardware Swisslog','2022-10-04 15:33:09','00:00:10'),(3575,3574,181,'Received Response from Heavy Lifting Arm (Success)','2022-10-04 15:33:09','00:00:02'),(3576,3562,181,'WESFC started flow Transport to Picking','2022-10-04 15:33:19','00:00:18'),(3577,3576,181,'WESFC send command to AMR for hardware RARUK','2022-10-04 15:33:19','00:00:10'),(3578,3576,181,'WESFC send command to AMR for hardware RARUK','2022-10-04 15:33:19','00:00:10'),(3579,3577,181,'Received Response from AMR (Success)','2022-10-04 15:33:20','00:00:02'),(3580,3578,181,'Received Response from AMR (Success)','2022-10-04 15:33:20','00:00:01'),(3581,3562,181,'WESFC started flow AutoStore Picking','2022-10-04 15:33:29','00:00:00'),(3582,3581,181,'WESFC send command to AutoStore for hardware EAGLE','2022-10-04 15:33:29','00:00:10'),(3583,3582,181,'Received Response from AutoStore (Success)','2022-10-04 15:33:29','00:00:03'),(3584,3562,181,'WESFC started flow Transport to Packing','2022-10-04 15:33:39','00:00:00'),(3585,3584,181,'WESFC send command to AMR for hardware RARUK','2022-10-04 15:33:39','00:00:10'),(3586,3585,181,'Received Response from AMR (Success)','2022-10-04 15:33:39','00:00:03'),(3587,3562,181,'WESFC started flow PANDA','2022-10-04 15:33:49','00:00:00'),(3588,3587,181,'WESFC send command to Conveyco for hardware Conveyor- II','2022-10-04 15:33:49','00:00:10'),(3589,3587,181,'WESFC send command to Scanner with Portal for hardware Windows 11','2022-10-04 15:33:50','00:00:10'),(3590,3588,181,'Received Response from Conveyco (Success)','2022-10-04 15:33:50','00:00:01'),(3591,3589,181,'Received Response from Scanner with Portal (Success)','2022-10-04 15:33:50','00:00:02'),(3592,3562,181,'WESFC started flow Transport to Ship Sorter','2022-10-04 15:33:59','00:00:00'),(3593,3592,181,'WESFC send command to Conveyor for hardware Conveyor- I','2022-10-04 15:33:59','00:00:10'),(3594,3593,181,'Received Response from Conveyor (Success)','2022-10-04 15:34:00','00:00:01'),(3595,0,182,'ORDER 182 received from external system (Order Type: CEB)','2022-10-04 15:39:08',NULL),(3596,3595,182,'WESFC locating Inentory','2022-10-04 15:39:08',NULL),(3597,3595,182,'WESFC located item 2 in Storage Location 0','2022-10-04 15:39:08',NULL),(3598,3595,182,'WESFC started Heavy Multi Line Work Flow Workflow','2022-10-04 15:39:08','00:01:14'),(3599,3598,182,'WESFC started flow Carton Erector Build','2022-10-04 15:39:10','00:00:04'),(3600,3599,182,'WESFC send command to Carton Erector for hardware EAGLE','2022-10-04 15:39:10','00:00:02'),(3601,3599,182,'WESFC send command to Scanner with Portal for hardware Windows 11','2022-10-04 15:39:10','00:00:02'),(3602,3600,182,'Received Response from Carton Erector (Success)','2022-10-04 15:39:11','00:00:02'),(3603,3601,182,'Received Response from Scanner with Portal (Success)','2022-10-04 15:39:11','00:00:03'),(3604,3598,182,'WESFC started flow Transport to Picking','2022-10-04 15:39:19','00:00:18'),(3605,3604,182,'WESFC send command to AMR for hardware RARUK','2022-10-04 15:39:19','00:00:09'),(3606,3604,182,'WESFC send command to AMR for hardware RARUK','2022-10-04 15:39:19','00:00:09'),(3607,3605,182,'Received Response from AMR (Success)','2022-10-04 15:39:19','00:00:01'),(3608,3606,182,'Received Response from AMR (Success)','2022-10-04 15:39:20','00:00:01'),(3609,3598,182,'WESFC started flow Heavy Single Line Picking','2022-10-04 15:39:29','00:00:10'),(3610,3609,182,'WESFC send command to Heavy Lifting Arm for hardware Swisslog','2022-10-04 15:39:29','00:00:10'),(3611,3610,182,'Received Response from Heavy Lifting Arm (Success)','2022-10-04 15:39:29','00:00:02'),(3612,3598,182,'WESFC started flow Transport to Picking','2022-10-04 15:39:39','00:00:20'),(3613,3612,182,'WESFC send command to AMR for hardware RARUK','2022-10-04 15:39:39','00:00:10'),(3614,3612,182,'WESFC send command to AMR for hardware RARUK','2022-10-04 15:39:39','00:00:10'),(3615,3613,182,'Received Response from AMR (Success)','2022-10-04 15:39:39','00:00:01'),(3616,3614,182,'Received Response from AMR (Success)','2022-10-04 15:39:40','00:00:01'),(3617,3598,182,'WESFC started flow AutoStore Picking','2022-10-04 15:39:49','00:00:10'),(3618,3617,182,'WESFC send command to AutoStore for hardware EAGLE','2022-10-04 15:39:49','00:00:10'),(3619,3618,182,'Received Response from AutoStore (Success)','2022-10-04 15:39:49','00:00:01'),(3620,3598,182,'WESFC started flow Transport to Packing','2022-10-04 15:39:59','00:00:10'),(3621,3620,182,'WESFC send command to AMR for hardware RARUK','2022-10-04 15:39:59','00:00:10'),(3622,3621,182,'Received Response from AMR (Success)','2022-10-04 15:39:59','00:00:03'),(3623,3598,182,'WESFC started flow PANDA','2022-10-04 15:40:09','00:00:20'),(3624,3623,182,'WESFC send command to Conveyco for hardware Conveyor- II','2022-10-04 15:40:09','00:00:10'),(3625,3623,182,'WESFC send command to Scanner with Portal for hardware Windows 11','2022-10-04 15:40:09','00:00:10'),(3626,3624,182,'Received Response from Conveyco (Success)','2022-10-04 15:40:09','00:00:02'),(3627,3625,182,'Received Response from Scanner with Portal (Success)','2022-10-04 15:40:09','00:00:01'),(3628,3598,182,'WESFC started flow Transport to Ship Sorter','2022-10-04 15:40:19','00:00:10'),(3629,3628,182,'WESFC send command to Conveyor for hardware Conveyor- I','2022-10-04 15:40:19','00:00:10'),(3630,3629,182,'Received Response from Conveyor (Success)','2022-10-04 15:40:19','00:00:02'),(3631,0,183,'ORDER 183 received from external system (Order Type: CEB)','2022-10-04 15:41:17',NULL),(3632,3631,183,'WESFC locating Inentory','2022-10-04 15:41:17',NULL),(3633,3631,183,'WESFC located item 2 in Storage Location 0','2022-10-04 15:41:17',NULL),(3634,3631,183,'WESFC started Heavy Multi Line Work Flow Workflow','2022-10-04 15:41:17','00:01:15'),(3635,3634,183,'WESFC started flow Carton Erector Build','2022-10-04 15:41:19','00:00:05'),(3636,3635,183,'WESFC send command to Carton Erector for hardware EAGLE','2022-10-04 15:41:20','00:00:02'),(3637,3635,183,'WESFC send command to Scanner with Portal for hardware Windows 11','2022-10-04 15:41:20','00:00:03'),(3638,3636,183,'Received Response from Carton Erector (Success)','2022-10-04 15:41:20','00:00:02'),(3639,3637,183,'Received Response from Scanner with Portal (Success)','2022-10-04 15:41:20','00:00:03'),(3640,3634,183,'WESFC started flow Transport to Picking','2022-10-04 15:41:28','00:00:18'),(3641,3640,183,'WESFC send command to AMR for hardware RARUK','2022-10-04 15:41:29','00:00:09'),(3642,3640,183,'WESFC send command to AMR for hardware RARUK','2022-10-04 15:41:29','00:00:09'),(3643,3641,183,'Received Response from AMR (Success)','2022-10-04 15:41:29','00:00:01'),(3644,3642,183,'Received Response from AMR (Success)','2022-10-04 15:41:29','00:00:02'),(3645,3634,183,'WESFC started flow Heavy Single Line Picking','2022-10-04 15:41:38','00:00:10'),(3646,3645,183,'WESFC send command to Heavy Lifting Arm for hardware Swisslog','2022-10-04 15:41:39','00:00:10'),(3647,3646,183,'Received Response from Heavy Lifting Arm (Success)','2022-10-04 15:41:39','00:00:01'),(3648,3634,183,'WESFC started flow Transport to Picking','2022-10-04 15:41:48','00:00:20'),(3649,3648,183,'WESFC send command to AMR for hardware RARUK','2022-10-04 15:41:49','00:00:10'),(3650,3648,183,'WESFC send command to AMR for hardware RARUK','2022-10-04 15:41:49','00:00:10'),(3651,3649,183,'Received Response from AMR (Success)','2022-10-04 15:41:49','00:00:01'),(3652,3650,183,'Received Response from AMR (Success)','2022-10-04 15:41:49','00:00:02'),(3653,3634,183,'WESFC started flow AutoStore Picking','2022-10-04 15:41:58','00:00:10'),(3654,3653,183,'WESFC send command to AutoStore for hardware EAGLE','2022-10-04 15:41:59','00:00:10'),(3655,3654,183,'Received Response from AutoStore (Success)','2022-10-04 15:41:59','00:00:01'),(3656,3634,183,'WESFC started flow Transport to Packing','2022-10-04 15:42:08','00:00:10'),(3657,3656,183,'WESFC send command to AMR for hardware RARUK','2022-10-04 15:42:09','00:00:10'),(3658,3657,183,'Received Response from AMR (Success)','2022-10-04 15:42:09','00:00:01'),(3659,3634,183,'WESFC started flow PANDA','2022-10-04 15:42:18','00:00:20'),(3660,3659,183,'WESFC send command to Conveyco for hardware Conveyor- II','2022-10-04 15:42:19','00:00:10'),(3661,3659,183,'WESFC send command to Scanner with Portal for hardware Windows 11','2022-10-04 15:42:19','00:00:10'),(3662,3660,183,'Received Response from Conveyco (Success)','2022-10-04 15:42:19','00:00:01'),(3663,3661,183,'Received Response from Scanner with Portal (Success)','2022-10-04 15:42:19','00:00:01'),(3664,3634,183,'WESFC started flow Transport to Ship Sorter','2022-10-04 15:42:28','00:00:10'),(3665,3664,183,'WESFC send command to Conveyor for hardware Conveyor- I','2022-10-04 15:42:29','00:00:10'),(3666,3665,183,'Received Response from Conveyor (Success)','2022-10-04 15:42:29','00:00:01'),(3667,0,184,'ORDER 184 received from external system (Order Type: CEB)','2022-10-04 15:44:32',NULL),(3668,3667,184,'WESFC locating Inentory','2022-10-04 15:44:32',NULL),(3669,3667,184,'WESFC located item 1 in Storage Location 0','2022-10-04 15:44:33',NULL),(3670,3667,184,'WESFC started Heavy Multi Line Work Flow Workflow','2022-10-04 15:44:33','00:01:16'),(3671,3670,184,'WESFC started flow Carton Erector Build','2022-10-04 15:44:35','00:00:06'),(3672,3671,184,'WESFC send command to Carton Erector for hardware EAGLE','2022-10-04 15:44:35','00:00:03'),(3673,3671,184,'WESFC send command to Scanner with Portal for hardware Windows 11','2022-10-04 15:44:35','00:00:03'),(3674,3672,184,'Received Response from Carton Erector (Success)','2022-10-04 15:44:35','00:00:00'),(3675,3673,184,'Received Response from Scanner with Portal (Success)','2022-10-04 15:44:35','00:00:00'),(3676,3670,184,'WESFC started flow Transport to Picking','2022-10-04 15:44:44','00:00:18'),(3677,3676,184,'WESFC send command to AMR for hardware RARUK','2022-10-04 15:44:44','00:00:09'),(3678,3676,184,'WESFC send command to AMR for hardware RARUK','2022-10-04 15:44:44','00:00:09'),(3679,3677,184,'Received Response from AMR (Success)','2022-10-04 15:44:44','00:00:00'),(3680,3678,184,'Received Response from AMR (Success)','2022-10-04 15:44:44','00:00:00'),(3681,3670,184,'WESFC started flow Heavy Single Line Picking','2022-10-04 15:44:54','00:00:10'),(3682,3681,184,'WESFC send command to Heavy Lifting Arm for hardware Swisslog','2022-10-04 15:44:54','00:00:10'),(3683,3682,184,'Received Response from Heavy Lifting Arm (Success)','2022-10-04 15:44:54','00:00:00'),(3684,3670,184,'WESFC started flow Transport to Picking','2022-10-04 15:45:04','00:00:20'),(3685,3684,184,'WESFC send command to AMR for hardware RARUK','2022-10-04 15:45:04','00:00:10'),(3686,3684,184,'WESFC send command to AMR for hardware RARUK','2022-10-04 15:45:04','00:00:10'),(3687,3685,184,'Received Response from AMR (Success)','2022-10-04 15:45:04','00:00:00'),(3688,3686,184,'Received Response from AMR (Success)','2022-10-04 15:45:04','00:00:00'),(3689,3670,184,'WESFC started flow AutoStore Picking','2022-10-04 15:45:14','00:00:10'),(3690,3689,184,'WESFC send command to AutoStore for hardware EAGLE','2022-10-04 15:45:14','00:00:10'),(3691,3690,184,'Received Response from AutoStore (Success)','2022-10-04 15:45:14','00:00:00'),(3692,3670,184,'WESFC started flow Transport to Packing','2022-10-04 15:45:24','00:00:10'),(3693,3692,184,'WESFC send command to AMR for hardware RARUK','2022-10-04 15:45:24','00:00:10'),(3694,3693,184,'Received Response from AMR (Success)','2022-10-04 15:45:24','00:00:00'),(3695,3670,184,'WESFC started flow PANDA','2022-10-04 15:45:34','00:00:20'),(3696,3695,184,'WESFC send command to Conveyco for hardware Conveyor- II','2022-10-04 15:45:34','00:00:10'),(3697,3695,184,'WESFC send command to Scanner with Portal for hardware Windows 11','2022-10-04 15:45:34','00:00:10'),(3698,3696,184,'Received Response from Conveyco (Success)','2022-10-04 15:45:34','00:00:00'),(3699,3697,184,'Received Response from Scanner with Portal (Success)','2022-10-04 15:45:34','00:00:00'),(3700,3670,184,'WESFC started flow Transport to Ship Sorter','2022-10-04 15:45:44','00:00:10'),(3701,3700,184,'WESFC send command to Conveyor for hardware Conveyor- I','2022-10-04 15:45:44','00:00:10'),(3702,3701,184,'Received Response from Conveyor (Success)','2022-10-04 15:45:44','00:00:00'),(3703,0,185,'ORDER 185 received from external system (Order Type: CEB)','2022-10-05 11:14:20',NULL),(3704,3703,185,'WESFC locating Inentory','2022-10-05 11:14:20',NULL),(3705,3703,185,'WESFC located item 1 in Storage Location 0','2022-10-05 11:14:20',NULL),(3706,3703,185,'WESFC started Heavy Multi Line Work Flow Workflow','2022-10-05 11:14:20',NULL),(3707,3706,185,'WESFC started flow Carton Erector Build','2022-10-05 11:14:22','00:00:04'),(3708,3707,185,'WESFC send command to Carton Erector for hardware EAGLE','2022-10-05 11:14:23','00:00:02'),(3709,3707,185,'WESFC send command to Scanner with Portal for hardware Windows 11','2022-10-05 11:14:23','00:00:02'),(3710,3708,185,'Received Response from Carton Erector (Success)','2022-10-05 11:14:23','00:00:00'),(3711,3709,185,'Received Response from Scanner with Portal (Success)','2022-10-05 11:14:23','00:00:00'),(3712,3706,185,'WESFC started flow Transport to Picking','2022-10-05 11:14:41','00:00:38'),(3713,3712,185,'WESFC send command to AMR for hardware RARUK','2022-10-05 11:14:42','00:00:19'),(3714,3712,185,'WESFC send command to AMR for hardware RARUK','2022-10-05 11:14:42','00:00:19'),(3715,3713,185,'Received Response from AMR (Success)','2022-10-05 11:14:42','00:00:00'),(3716,3714,185,'Received Response from AMR (Success)','2022-10-05 11:14:42','00:00:00'),(3717,3706,185,'WESFC started flow Heavy Single Line Picking','2022-10-05 11:15:01','00:00:20'),(3718,3717,185,'WESFC send command to Heavy Lifting Arm for hardware Swisslog','2022-10-05 11:15:01','00:00:20'),(3719,3718,185,'Received Response from Heavy Lifting Arm (Success)','2022-10-05 11:15:02','00:00:00'),(3720,3706,185,'WESFC started flow Transport to Picking','2022-10-05 11:15:21','00:00:40'),(3721,3720,185,'WESFC send command to AMR for hardware RARUK','2022-10-05 11:15:21','00:00:20'),(3722,3720,185,'WESFC send command to AMR for hardware RARUK','2022-10-05 11:15:22','00:00:20'),(3723,3721,185,'Received Response from AMR (Success)','2022-10-05 11:15:22','00:00:00'),(3724,3722,185,'Received Response from AMR (Success)','2022-10-05 11:15:22','00:00:00'),(3725,3706,185,'WESFC started flow AutoStore Picking','2022-10-05 11:15:41','00:00:20'),(3726,3725,185,'WESFC send command to AutoStore for hardware EAGLE','2022-10-05 11:15:41','00:00:20'),(3727,3726,185,'Received Response from AutoStore (Success)','2022-10-05 11:15:42','00:00:00'),(3728,3706,185,'WESFC started flow Transport to Packing','2022-10-05 11:16:01','00:00:20'),(3729,3728,185,'WESFC send command to AMR for hardware RARUK','2022-10-05 11:16:01','00:00:20'),(3730,3729,185,'Received Response from AMR (Success)','2022-10-05 11:16:01','00:00:00'),(3731,3706,185,'WESFC started flow PANDA','2022-10-05 11:16:21',NULL),(3732,0,186,'ORDER 186 received from external system (Order Type: CEB)','2022-10-05 11:18:34',NULL),(3733,3732,186,'WESFC locating Inentory','2022-10-05 11:18:34',NULL),(3734,3732,186,'WESFC located item 2 in Storage Location 0','2022-10-05 11:18:34',NULL),(3735,3732,186,'WESFC started Heavy Multi Line Work Flow Workflow','2022-10-05 11:18:34','00:02:23'),(3736,3735,186,'WESFC started flow Carton Erector Build','2022-10-05 11:18:36','00:00:04'),(3737,3736,186,'WESFC send command to Carton Erector for hardware EAGLE','2022-10-05 11:18:37','00:00:02'),(3738,3736,186,'WESFC send command to Scanner with Portal for hardware Windows 11','2022-10-05 11:18:37','00:00:02'),(3739,3737,186,'Received Response from Carton Erector (Success)','2022-10-05 11:18:37','00:00:00'),(3740,3738,186,'Received Response from Scanner with Portal (Success)','2022-10-05 11:18:37','00:00:00'),(3741,3735,186,'WESFC started flow Transport to Picking','2022-10-05 11:18:55','00:00:38'),(3742,3741,186,'WESFC send command to AMR for hardware RARUK','2022-10-05 11:18:56','00:00:19'),(3743,3741,186,'WESFC send command to AMR for hardware RARUK','2022-10-05 11:18:56','00:00:19'),(3744,3742,186,'Received Response from AMR (Success)','2022-10-05 11:18:56','00:00:00'),(3745,3743,186,'Received Response from AMR (Success)','2022-10-05 11:18:56','00:00:00'),(3746,3735,186,'WESFC started flow Heavy Single Line Picking','2022-10-05 11:19:15','00:00:20'),(3747,3746,186,'WESFC send command to Heavy Lifting Arm for hardware Swisslog','2022-10-05 11:19:16','00:00:20'),(3748,3747,186,'Received Response from Heavy Lifting Arm (Success)','2022-10-05 11:19:16','00:00:00'),(3749,3735,186,'WESFC started flow Transport to Picking','2022-10-05 11:19:35','00:00:40'),(3750,3749,186,'WESFC send command to AMR for hardware RARUK','2022-10-05 11:19:36','00:00:20'),(3751,3749,186,'WESFC send command to AMR for hardware RARUK','2022-10-05 11:19:36','00:00:20'),(3752,3750,186,'Received Response from AMR (Success)','2022-10-05 11:19:36','00:00:00'),(3753,3751,186,'Received Response from AMR (Success)','2022-10-05 11:19:36','00:00:00'),(3754,3735,186,'WESFC started flow AutoStore Picking','2022-10-05 11:19:55','00:00:20'),(3755,3754,186,'WESFC send command to AutoStore for hardware EAGLE','2022-10-05 11:19:56','00:00:20'),(3756,3755,186,'Received Response from AutoStore (Success)','2022-10-05 11:19:56','00:00:00'),(3757,3735,186,'WESFC started flow Transport to Packing','2022-10-05 11:20:15','00:00:21'),(3758,3757,186,'WESFC send command to AMR for hardware RARUK','2022-10-05 11:20:16','00:00:21'),(3759,3758,186,'Received Response from AMR (Success)','2022-10-05 11:20:16','00:00:00'),(3760,3735,186,'WESFC started flow PANDA','2022-10-05 11:20:35','00:00:38'),(3761,3760,186,'WESFC send command to Conveyco for hardware Conveyor- II','2022-10-05 11:20:36','00:00:19'),(3762,3760,186,'WESFC send command to Scanner with Portal for hardware Windows 11','2022-10-05 11:20:36','00:00:19'),(3763,3761,186,'Received Response from Conveyco (Success)','2022-10-05 11:20:36','00:00:00'),(3764,3762,186,'Received Response from Scanner with Portal (Success)','2022-10-05 11:20:36','00:00:00'),(3765,3735,186,'WESFC started flow Transport to Ship Sorter','2022-10-05 11:20:55','00:00:20'),(3766,3765,186,'WESFC send command to Conveyor for hardware Conveyor- I','2022-10-05 11:20:56','00:00:20'),(3767,3766,186,'Received Response from Conveyor (Success)','2022-10-05 11:20:56','00:00:00');
/*!40000 ALTER TABLE `logs` ENABLE KEYS */;
UNLOCK TABLES;

--
-- Table structure for table `order_workflow_flow`
--

DROP TABLE IF EXISTS `order_workflow_flow`;
/*!40101 SET @saved_cs_client     = @@character_set_client */;
/*!50503 SET character_set_client = utf8mb4 */;
CREATE TABLE `order_workflow_flow` (
  `ID` int NOT NULL AUTO_INCREMENT,
  `OrderID` int NOT NULL,
  `WorkflowFlowID` int NOT NULL,
  `status` tinyint(1) DEFAULT NULL,
  PRIMARY KEY (`ID`)
) ENGINE=InnoDB AUTO_INCREMENT=1218 DEFAULT CHARSET=utf8mb4 COLLATE=utf8mb4_0900_ai_ci;
/*!40101 SET character_set_client = @saved_cs_client */;

--
-- Dumping data for table `order_workflow_flow`
--

LOCK TABLES `order_workflow_flow` WRITE;
/*!40000 ALTER TABLE `order_workflow_flow` DISABLE KEYS */;
INSERT INTO `order_workflow_flow` VALUES (1026,160,14,0),(1027,160,15,0),(1028,160,16,0),(1029,160,15,0),(1030,160,17,0),(1031,160,18,0),(1032,160,19,0),(1033,160,20,0),(1034,161,14,0),(1035,161,15,0),(1036,161,16,0),(1037,161,18,0),(1038,161,19,0),(1039,161,20,0),(1040,162,14,0),(1041,162,15,0),(1042,162,16,0),(1043,162,15,0),(1044,162,17,0),(1045,162,18,0),(1046,162,19,0),(1047,162,20,0),(1048,163,14,0),(1049,163,15,0),(1050,163,16,0),(1051,163,15,0),(1052,163,17,0),(1053,163,18,0),(1054,163,19,0),(1055,163,20,0),(1056,164,14,0),(1057,164,15,0),(1058,164,16,0),(1059,164,18,0),(1060,164,19,0),(1061,164,20,0),(1062,165,15,0),(1063,165,18,0),(1064,166,14,0),(1065,166,15,0),(1066,166,16,0),(1067,166,18,0),(1068,166,19,0),(1069,166,20,0),(1070,167,14,0),(1071,167,15,0),(1072,167,16,0),(1073,167,18,0),(1074,167,19,0),(1075,167,20,0),(1076,168,14,0),(1077,168,15,0),(1078,168,16,0),(1079,168,15,0),(1080,168,17,0),(1081,168,18,0),(1082,168,19,0),(1083,168,20,0),(1084,169,14,0),(1085,169,15,0),(1086,169,16,0),(1087,169,15,0),(1088,169,17,0),(1089,169,18,0),(1090,169,19,0),(1091,169,20,0),(1092,170,14,0),(1093,170,15,0),(1094,170,16,0),(1095,170,15,0),(1096,170,17,0),(1097,170,18,0),(1098,170,19,0),(1099,170,20,0),(1100,171,14,0),(1101,171,15,0),(1102,171,16,0),(1103,171,18,0),(1104,171,19,0),(1105,171,20,0),(1106,172,14,0),(1107,172,15,0),(1108,172,16,0),(1109,172,18,0),(1110,172,19,0),(1111,172,20,0),(1112,173,14,0),(1113,173,15,0),(1114,173,16,0),(1115,173,18,0),(1116,173,19,0),(1117,173,20,0),(1118,174,14,0),(1119,174,15,0),(1120,174,16,0),(1121,174,18,0),(1122,174,19,0),(1123,174,20,0),(1124,175,14,0),(1125,175,15,0),(1126,175,16,0),(1127,175,18,0),(1128,175,19,0),(1129,175,20,0),(1130,176,14,0),(1131,176,15,0),(1132,176,16,0),(1133,176,15,0),(1134,176,17,0),(1135,176,18,0),(1136,176,19,0),(1137,176,20,0),(1138,177,14,0),(1139,177,15,0),(1140,177,16,0),(1141,177,15,0),(1142,177,17,0),(1143,177,18,0),(1144,177,19,0),(1145,177,20,0),(1146,178,14,0),(1147,178,15,0),(1148,178,16,0),(1149,178,15,0),(1150,178,17,0),(1151,178,18,0),(1152,178,19,0),(1153,178,20,0),(1154,179,14,0),(1155,179,15,0),(1156,179,16,0),(1157,179,15,0),(1158,179,17,0),(1159,179,18,0),(1160,179,19,0),(1161,179,20,0),(1162,180,14,0),(1163,180,15,0),(1164,180,16,0),(1165,180,15,0),(1166,180,17,0),(1167,180,18,0),(1168,180,19,0),(1169,180,20,0),(1170,181,14,0),(1171,181,15,0),(1172,181,16,0),(1173,181,15,0),(1174,181,17,0),(1175,181,18,0),(1176,181,19,0),(1177,181,20,0),(1178,182,14,0),(1179,182,15,0),(1180,182,16,0),(1181,182,15,0),(1182,182,17,0),(1183,182,18,0),(1184,182,19,0),(1185,182,20,0),(1186,183,14,0),(1187,183,15,0),(1188,183,16,0),(1189,183,15,0),(1190,183,17,0),(1191,183,18,0),(1192,183,19,0),(1193,183,20,0),(1194,184,14,0),(1195,184,15,0),(1196,184,16,0),(1197,184,15,0),(1198,184,17,0),(1199,184,18,0),(1200,184,19,0),(1201,184,20,0),(1202,185,14,0),(1203,185,15,0),(1204,185,16,0),(1205,185,15,0),(1206,185,17,0),(1207,185,18,0),(1208,185,19,0),(1209,185,20,0),(1210,186,14,0),(1211,186,15,0),(1212,186,16,0),(1213,186,15,0),(1214,186,17,0),(1215,186,18,0),(1216,186,19,0),(1217,186,20,0);
/*!40000 ALTER TABLE `order_workflow_flow` ENABLE KEYS */;
UNLOCK TABLES;

--
-- Table structure for table `order_workflow_flow_steps`
--

DROP TABLE IF EXISTS `order_workflow_flow_steps`;
/*!40101 SET @saved_cs_client     = @@character_set_client */;
/*!50503 SET character_set_client = utf8mb4 */;
CREATE TABLE `order_workflow_flow_steps` (
  `ID` int NOT NULL AUTO_INCREMENT,
  `OrderWorkflowFlowID` int NOT NULL,
  `step_status` varchar(50) DEFAULT NULL,
  `stepID` int DEFAULT NULL,
  `flowID` int DEFAULT NULL,
  `workflowID` int DEFAULT NULL,
  `Created` datetime DEFAULT NULL,
  `Elapsed` time DEFAULT NULL,
  `OrderID` int DEFAULT NULL,
  `Updated` datetime DEFAULT NULL,
  PRIMARY KEY (`ID`),
  KEY `OrderWorkflowFlowID` (`OrderWorkflowFlowID`),
  CONSTRAINT `order_workflow_flow_steps_ibfk_1` FOREIGN KEY (`OrderWorkflowFlowID`) REFERENCES `order_workflow_flow` (`ID`)
) ENGINE=InnoDB AUTO_INCREMENT=1523 DEFAULT CHARSET=utf8mb4 COLLATE=utf8mb4_0900_ai_ci;
/*!40101 SET character_set_client = @saved_cs_client */;

--
-- Dumping data for table `order_workflow_flow_steps`
--

LOCK TABLES `order_workflow_flow_steps` WRITE;
/*!40000 ALTER TABLE `order_workflow_flow_steps` DISABLE KEYS */;
INSERT INTO `order_workflow_flow_steps` VALUES (1279,1026,'Completed',1,14,1,'2022-10-04 07:43:46','00:00:05',160,'2022-10-04 07:43:51'),(1280,1026,'Completed',2,14,1,'2022-10-04 07:43:46','00:00:05',160,'2022-10-04 07:43:52'),(1281,1027,'Completed',3,15,1,'2022-10-04 07:43:47','00:00:19',160,'2022-10-04 07:44:20'),(1282,1028,'Completed',4,16,1,'2022-10-04 07:43:47','00:00:23',160,'2022-10-04 07:44:10'),(1283,1029,'Completed',3,15,1,'2022-10-04 07:43:47','00:00:19',160,'2022-10-04 07:44:20'),(1284,1030,'Completed',7,17,1,'2022-10-04 07:43:47','00:00:43',160,'2022-10-04 07:44:30'),(1285,1031,'Completed',3,18,1,'2022-10-04 07:43:47','00:00:53',160,'2022-10-04 07:44:41'),(1286,1032,'Completed',5,19,1,'2022-10-04 07:43:48','00:01:02',160,'2022-10-04 07:44:51'),(1287,1032,'Completed',2,19,1,'2022-10-04 07:43:48','00:01:03',160,'2022-10-04 07:44:51'),(1288,1033,'Completed',6,20,1,'2022-10-04 07:43:48','00:01:13',160,'2022-10-04 07:45:01'),(1289,1034,'Completed',1,14,2,'2022-10-04 07:44:55','00:00:04',161,'2022-10-04 07:44:59'),(1290,1034,'Completed',2,14,2,'2022-10-04 07:44:55','00:00:04',161,'2022-10-04 07:44:59'),(1291,1035,'Completed',3,15,2,'2022-10-04 07:44:55','00:00:13',161,'2022-10-04 07:45:08'),(1292,1036,'Completed',4,16,2,'2022-10-04 07:44:55','00:00:23',161,'2022-10-04 07:45:18'),(1293,1037,'Completed',3,18,2,'2022-10-04 07:44:56','00:00:32',161,'2022-10-04 07:45:28'),(1294,1038,'Completed',5,19,2,'2022-10-04 07:44:56','00:00:42',161,'2022-10-04 07:45:38'),(1295,1038,'Completed',2,19,2,'2022-10-04 07:44:56','00:00:42',161,'2022-10-04 07:45:38'),(1296,1039,'Completed',6,20,2,'2022-10-04 07:44:56','00:00:52',161,'2022-10-04 07:45:48'),(1297,1040,'Completed',1,14,1,'2022-10-04 07:45:10','00:00:05',162,'2022-10-04 07:45:15'),(1298,1040,'Completed',2,14,1,'2022-10-04 07:45:10','00:00:05',162,'2022-10-04 07:45:15'),(1299,1041,'Completed',3,15,1,'2022-10-04 07:45:10','00:00:20',162,'2022-10-04 07:45:44'),(1300,1042,'Completed',4,16,1,'2022-10-04 07:45:10','00:00:24',162,'2022-10-04 07:45:34'),(1301,1043,'Completed',3,15,1,'2022-10-04 07:45:11','00:00:20',162,'2022-10-04 07:45:44'),(1302,1044,'Completed',7,17,1,'2022-10-04 07:45:11','00:00:43',162,'2022-10-04 07:45:54'),(1303,1045,'Completed',3,18,1,'2022-10-04 07:45:11','00:00:53',162,'2022-10-04 07:46:04'),(1304,1046,'Completed',5,19,1,'2022-10-04 07:45:11','00:01:03',162,'2022-10-04 07:46:14'),(1305,1046,'Completed',2,19,1,'2022-10-04 07:45:11','00:01:03',162,'2022-10-04 07:46:14'),(1306,1047,'Completed',6,20,1,'2022-10-04 07:45:11','00:01:13',162,'2022-10-04 07:46:24'),(1307,1048,'Completed',1,14,1,'2022-10-04 08:25:19','00:00:03',163,'2022-10-04 08:25:24'),(1308,1048,'Completed',2,14,1,'2022-10-04 08:25:19','00:00:03',163,'2022-10-04 08:25:24'),(1309,1049,'Completed',3,15,1,'2022-10-04 08:25:19','00:00:10',163,'2022-10-04 08:25:53'),(1310,1050,'Completed',4,16,1,'2022-10-04 08:25:19','00:00:10',163,'2022-10-04 08:25:43'),(1311,1051,'Completed',3,15,1,'2022-10-04 08:25:19','00:00:10',163,'2022-10-04 08:25:53'),(1312,1052,'Completed',7,17,1,'2022-10-04 08:25:20','00:00:10',163,'2022-10-04 08:26:03'),(1313,1053,'Completed',3,18,1,'2022-10-04 08:25:20','00:00:10',163,'2022-10-04 08:26:13'),(1314,1054,'Completed',5,19,1,'2022-10-04 08:25:20','00:00:10',163,'2022-10-04 08:26:23'),(1315,1054,'Completed',2,19,1,'2022-10-04 08:25:20','00:00:10',163,'2022-10-04 08:26:23'),(1316,1055,'Completed',6,20,1,'2022-10-04 08:25:21','00:00:10',163,'2022-10-04 08:26:33'),(1317,1056,'Completed',1,14,2,'2022-10-04 09:19:40','00:00:04',164,'2022-10-04 09:19:45'),(1318,1056,'Completed',2,14,2,'2022-10-04 09:19:40','00:00:00',164,'2022-10-04 09:19:45'),(1319,1057,'Completed',3,15,2,'2022-10-04 09:19:40','00:00:18',164,'2022-10-04 09:20:03'),(1320,1058,'Completed',4,16,2,'2022-10-04 09:19:41','00:00:11',164,'2022-10-04 09:20:14'),(1321,1059,'Completed',3,18,2,'2022-10-04 09:19:41','00:00:10',164,'2022-10-04 09:20:24'),(1322,1060,'Completed',5,19,2,'2022-10-04 09:19:41','00:00:11',164,'2022-10-04 09:20:35'),(1323,1060,'Completed',2,19,2,'2022-10-04 09:19:41','00:00:00',164,'2022-10-04 09:20:35'),(1324,1061,'Completed',6,20,2,'2022-10-04 09:19:41','00:00:10',164,'2022-10-04 09:20:45'),(1325,1062,'Completed',3,15,3,'2022-10-04 09:25:14','00:00:04',165,'2022-10-04 09:25:18'),(1326,1063,'Completed',3,18,3,'2022-10-04 09:25:14','00:00:18',165,'2022-10-04 09:25:36'),(1327,1064,'Completed',1,14,2,'2022-10-04 11:17:18','00:00:03',166,'2022-10-04 11:17:23'),(1328,1064,'To-Do',2,14,2,'2022-10-04 11:17:18','00:00:00',166,'2022-10-04 11:17:18'),(1329,1065,'To-Do',3,15,2,'2022-10-04 11:17:19','00:00:00',166,'2022-10-04 11:17:19'),(1330,1066,'To-Do',4,16,2,'2022-10-04 11:17:19','00:00:00',166,'2022-10-04 11:17:19'),(1331,1067,'To-Do',3,18,2,'2022-10-04 11:17:19','00:00:00',166,'2022-10-04 11:17:19'),(1332,1068,'To-Do',5,19,2,'2022-10-04 11:17:20','00:00:00',166,'2022-10-04 11:17:20'),(1333,1068,'To-Do',2,19,2,'2022-10-04 11:17:20','00:00:00',166,'2022-10-04 11:17:20'),(1334,1069,'To-Do',6,20,2,'2022-10-04 11:17:20','00:00:00',166,'2022-10-04 11:17:20'),(1335,1070,'In-Progress',1,14,2,'2022-10-04 11:36:36','00:00:00',167,'2022-10-04 11:36:36'),(1336,1070,'To-Do',2,14,2,'2022-10-04 11:36:37','00:00:00',167,'2022-10-04 11:36:37'),(1337,1071,'To-Do',3,15,2,'2022-10-04 11:36:37','00:00:00',167,'2022-10-04 11:36:37'),(1338,1072,'To-Do',4,16,2,'2022-10-04 11:36:37','00:00:00',167,'2022-10-04 11:36:37'),(1339,1073,'To-Do',3,18,2,'2022-10-04 11:36:37','00:00:00',167,'2022-10-04 11:36:37'),(1340,1074,'To-Do',5,19,2,'2022-10-04 11:36:37','00:00:00',167,'2022-10-04 11:36:37'),(1341,1074,'To-Do',2,19,2,'2022-10-04 11:36:37','00:00:00',167,'2022-10-04 11:36:37'),(1342,1075,'To-Do',6,20,2,'2022-10-04 11:36:38','00:00:00',167,'2022-10-04 11:36:38'),(1343,1076,'Completed',1,14,1,'2022-10-04 11:38:04','00:00:04',168,'2022-10-04 11:38:09'),(1344,1076,'To-Do',2,14,1,'2022-10-04 11:38:04','00:00:00',168,'2022-10-04 11:38:04'),(1345,1077,'To-Do',3,15,1,'2022-10-04 11:38:04','00:00:00',168,'2022-10-04 11:38:04'),(1346,1078,'To-Do',4,16,1,'2022-10-04 11:38:04','00:00:00',168,'2022-10-04 11:38:04'),(1347,1079,'To-Do',3,15,1,'2022-10-04 11:38:05','00:00:00',168,'2022-10-04 11:38:05'),(1348,1080,'To-Do',7,17,1,'2022-10-04 11:38:05','00:00:00',168,'2022-10-04 11:38:05'),(1349,1081,'To-Do',3,18,1,'2022-10-04 11:38:05','00:00:00',168,'2022-10-04 11:38:05'),(1350,1082,'To-Do',5,19,1,'2022-10-04 11:38:05','00:00:00',168,'2022-10-04 11:38:05'),(1351,1082,'To-Do',2,19,1,'2022-10-04 11:38:05','00:00:00',168,'2022-10-04 11:38:05'),(1352,1083,'To-Do',6,20,1,'2022-10-04 11:38:05','00:00:00',168,'2022-10-04 11:38:05'),(1353,1084,'Completed',1,14,1,'2022-10-04 11:53:33','00:00:03',169,'2022-10-04 11:53:38'),(1354,1084,'To-Do',2,14,1,'2022-10-04 11:53:33','00:00:00',169,'2022-10-04 11:53:33'),(1355,1085,'To-Do',3,15,1,'2022-10-04 11:53:33','00:00:00',169,'2022-10-04 11:53:33'),(1356,1086,'To-Do',4,16,1,'2022-10-04 11:53:33','00:00:00',169,'2022-10-04 11:53:33'),(1357,1087,'To-Do',3,15,1,'2022-10-04 11:53:34','00:00:00',169,'2022-10-04 11:53:34'),(1358,1088,'To-Do',7,17,1,'2022-10-04 11:53:34','00:00:00',169,'2022-10-04 11:53:34'),(1359,1089,'To-Do',3,18,1,'2022-10-04 11:53:34','00:00:00',169,'2022-10-04 11:53:34'),(1360,1090,'To-Do',5,19,1,'2022-10-04 11:53:35','00:00:00',169,'2022-10-04 11:53:35'),(1361,1090,'To-Do',2,19,1,'2022-10-04 11:53:35','00:00:00',169,'2022-10-04 11:53:35'),(1362,1091,'To-Do',6,20,1,'2022-10-04 11:53:35','00:00:00',169,'2022-10-04 11:53:35'),(1363,1092,'Completed',1,14,1,'2022-10-04 11:54:37','00:00:03',170,'2022-10-04 11:54:42'),(1364,1092,'Completed',2,14,1,'2022-10-04 11:54:37','00:00:01',170,'2022-10-04 11:54:43'),(1365,1093,'Completed',3,15,1,'2022-10-04 11:54:37','00:00:11',170,'2022-10-04 11:55:22'),(1366,1094,'Completed',4,16,1,'2022-10-04 11:54:38','00:00:10',170,'2022-10-04 11:55:11'),(1367,1095,'Completed',3,15,1,'2022-10-04 11:54:38','00:00:00',170,'2022-10-04 11:55:22'),(1368,1096,'Completed',7,17,1,'2022-10-04 11:54:38','00:00:10',170,'2022-10-04 11:55:32'),(1369,1097,'Completed',3,18,1,'2022-10-04 11:54:38','00:00:11',170,'2022-10-04 11:55:43'),(1370,1098,'Completed',5,19,1,'2022-10-04 11:54:39','00:00:10',170,'2022-10-04 11:55:53'),(1371,1098,'Completed',2,19,1,'2022-10-04 11:54:39','00:00:01',170,'2022-10-04 11:55:54'),(1372,1099,'Completed',6,20,1,'2022-10-04 11:54:39','00:00:10',170,'2022-10-04 11:56:04'),(1373,1100,'Completed',1,14,2,'2022-10-04 12:02:14','00:00:03',171,'2022-10-04 12:02:19'),(1374,1100,'Completed',2,14,2,'2022-10-04 12:02:14','00:00:00',171,'2022-10-04 12:02:19'),(1375,1101,'Completed',3,15,2,'2022-10-04 12:02:14','00:00:23',171,'2022-10-04 12:02:42'),(1376,1102,'Completed',4,16,2,'2022-10-04 12:02:14','00:00:15',171,'2022-10-04 12:02:57'),(1377,1103,'Completed',3,18,2,'2022-10-04 12:02:15','00:00:15',171,'2022-10-04 12:03:12'),(1378,1104,'Completed',5,19,2,'2022-10-04 12:02:15','00:00:15',171,'2022-10-04 12:03:27'),(1379,1104,'Completed',2,19,2,'2022-10-04 12:02:15','00:00:00',171,'2022-10-04 12:03:27'),(1380,1105,'Completed',6,20,2,'2022-10-04 12:02:15','00:00:15',171,'2022-10-04 12:03:42'),(1381,1106,'Completed',1,14,2,'2022-10-04 12:05:52','00:00:02',172,'2022-10-04 12:05:56'),(1382,1106,'Completed',2,14,2,'2022-10-04 12:05:52','00:00:02',172,'2022-10-04 12:05:56'),(1383,1107,'Completed',3,15,2,'2022-10-04 12:05:53','00:00:09',172,'2022-10-04 12:06:05'),(1384,1108,'Completed',4,16,2,'2022-10-04 12:05:53','00:00:10',172,'2022-10-04 12:06:15'),(1385,1109,'Completed',3,18,2,'2022-10-04 12:05:53','00:00:10',172,'2022-10-04 12:06:25'),(1386,1110,'Completed',5,19,2,'2022-10-04 12:05:53','00:00:10',172,'2022-10-04 12:06:35'),(1387,1110,'Completed',2,19,2,'2022-10-04 12:05:53','00:00:10',172,'2022-10-04 12:06:35'),(1388,1111,'Completed',6,20,2,'2022-10-04 12:05:54','00:00:10',172,'2022-10-04 12:06:45'),(1389,1112,'Completed',1,14,2,'2022-10-04 12:39:42','00:00:03',173,'2022-10-04 12:39:46'),(1390,1112,'Completed',2,14,2,'2022-10-04 12:39:42','00:00:03',173,'2022-10-04 12:39:46'),(1391,1113,'Completed',3,15,2,'2022-10-04 12:39:42','00:00:09',173,'2022-10-04 12:39:55'),(1392,1114,'Completed',4,16,2,'2022-10-04 12:39:43','00:00:10',173,'2022-10-04 12:40:05'),(1393,1115,'Completed',3,18,2,'2022-10-04 12:39:43','00:00:10',173,'2022-10-04 12:40:15'),(1394,1116,'Completed',5,19,2,'2022-10-04 12:39:43','00:00:10',173,'2022-10-04 12:40:25'),(1395,1116,'Completed',2,19,2,'2022-10-04 12:39:43','00:00:10',173,'2022-10-04 12:40:25'),(1396,1117,'Completed',6,20,2,'2022-10-04 12:39:43','00:00:10',173,'2022-10-04 12:40:35'),(1397,1118,'In-Progress',1,14,2,'2022-10-04 15:05:23','00:00:00',174,'2022-10-04 15:05:23'),(1398,1118,'To-Do',2,14,2,'2022-10-04 15:05:23','00:00:00',174,'2022-10-04 15:05:23'),(1399,1119,'To-Do',3,15,2,'2022-10-04 15:05:23','00:00:00',174,'2022-10-04 15:05:23'),(1400,1120,'To-Do',4,16,2,'2022-10-04 15:05:23','00:00:00',174,'2022-10-04 15:05:23'),(1401,1121,'To-Do',3,18,2,'2022-10-04 15:05:23','00:00:00',174,'2022-10-04 15:05:23'),(1402,1122,'To-Do',5,19,2,'2022-10-04 15:05:24','00:00:00',174,'2022-10-04 15:05:24'),(1403,1122,'To-Do',2,19,2,'2022-10-04 15:05:24','00:00:00',174,'2022-10-04 15:05:24'),(1404,1123,'To-Do',6,20,2,'2022-10-04 15:05:24','00:00:00',174,'2022-10-04 15:05:24'),(1405,1124,'In-Progress',1,14,2,'2022-10-04 15:06:06','00:00:00',175,'2022-10-04 15:06:06'),(1406,1124,'To-Do',2,14,2,'2022-10-04 15:06:06','00:00:00',175,'2022-10-04 15:06:06'),(1407,1125,'To-Do',3,15,2,'2022-10-04 15:06:07','00:00:00',175,'2022-10-04 15:06:07'),(1408,1126,'To-Do',4,16,2,'2022-10-04 15:06:07','00:00:00',175,'2022-10-04 15:06:07'),(1409,1127,'To-Do',3,18,2,'2022-10-04 15:06:07','00:00:00',175,'2022-10-04 15:06:07'),(1410,1128,'To-Do',5,19,2,'2022-10-04 15:06:07','00:00:00',175,'2022-10-04 15:06:07'),(1411,1128,'To-Do',2,19,2,'2022-10-04 15:06:07','00:00:00',175,'2022-10-04 15:06:07'),(1412,1129,'To-Do',6,20,2,'2022-10-04 15:06:07','00:00:00',175,'2022-10-04 15:06:07'),(1413,1130,'In-Progress',1,14,1,'2022-10-04 15:10:19','00:00:00',176,'2022-10-04 15:10:19'),(1414,1130,'To-Do',2,14,1,'2022-10-04 15:10:20','00:00:00',176,'2022-10-04 15:10:20'),(1415,1131,'To-Do',3,15,1,'2022-10-04 15:10:20','00:00:00',176,'2022-10-04 15:10:20'),(1416,1132,'To-Do',4,16,1,'2022-10-04 15:10:20','00:00:00',176,'2022-10-04 15:10:20'),(1417,1133,'To-Do',3,15,1,'2022-10-04 15:10:20','00:00:00',176,'2022-10-04 15:10:20'),(1418,1134,'To-Do',7,17,1,'2022-10-04 15:10:20','00:00:00',176,'2022-10-04 15:10:20'),(1419,1135,'To-Do',3,18,1,'2022-10-04 15:10:20','00:00:00',176,'2022-10-04 15:10:20'),(1420,1136,'To-Do',5,19,1,'2022-10-04 15:10:21','00:00:00',176,'2022-10-04 15:10:21'),(1421,1136,'To-Do',2,19,1,'2022-10-04 15:10:21','00:00:00',176,'2022-10-04 15:10:21'),(1422,1137,'To-Do',6,20,1,'2022-10-04 15:10:21','00:00:00',176,'2022-10-04 15:10:21'),(1423,1138,'Completed',1,14,1,'2022-10-04 15:12:25','00:00:02',177,'2022-10-04 15:12:28'),(1424,1138,'Completed',2,14,1,'2022-10-04 15:12:25','00:00:02',177,'2022-10-04 15:12:28'),(1425,1139,'To-Do',3,15,1,'2022-10-04 15:12:25','00:00:00',177,'2022-10-04 15:12:25'),(1426,1140,'To-Do',4,16,1,'2022-10-04 15:12:25','00:00:00',177,'2022-10-04 15:12:25'),(1427,1141,'To-Do',3,15,1,'2022-10-04 15:12:25','00:00:00',177,'2022-10-04 15:12:25'),(1428,1142,'To-Do',7,17,1,'2022-10-04 15:12:25','00:00:00',177,'2022-10-04 15:12:25'),(1429,1143,'To-Do',3,18,1,'2022-10-04 15:12:25','00:00:00',177,'2022-10-04 15:12:25'),(1430,1144,'To-Do',5,19,1,'2022-10-04 15:12:26','00:00:00',177,'2022-10-04 15:12:26'),(1431,1144,'To-Do',2,19,1,'2022-10-04 15:12:26','00:00:00',177,'2022-10-04 15:12:26'),(1432,1145,'To-Do',6,20,1,'2022-10-04 15:12:26','00:00:00',177,'2022-10-04 15:12:26'),(1433,1146,'Completed',1,14,1,'2022-10-04 15:12:52','00:00:02',178,'2022-10-04 15:12:56'),(1434,1146,'Completed',2,14,1,'2022-10-04 15:12:52','00:00:02',178,'2022-10-04 15:12:56'),(1435,1147,'Completed',3,15,1,'2022-10-04 15:12:52','00:00:10',178,'2022-10-04 15:13:25'),(1436,1148,'Completed',4,16,1,'2022-10-04 15:12:53','00:00:10',178,'2022-10-04 15:13:15'),(1437,1149,'Completed',3,15,1,'2022-10-04 15:12:53','00:00:10',178,'2022-10-04 15:13:25'),(1438,1150,'Completed',7,17,1,'2022-10-04 15:12:53','00:00:10',178,'2022-10-04 15:13:35'),(1439,1151,'Completed',3,18,1,'2022-10-04 15:12:53','00:00:10',178,'2022-10-04 15:13:45'),(1440,1152,'Completed',5,19,1,'2022-10-04 15:12:53','00:00:10',178,'2022-10-04 15:13:55'),(1441,1152,'Completed',2,19,1,'2022-10-04 15:12:54','00:00:10',178,'2022-10-04 15:13:55'),(1442,1153,'Completed',6,20,1,'2022-10-04 15:12:54','00:00:10',178,'2022-10-04 15:14:05'),(1443,1154,'Completed',1,14,1,'2022-10-04 15:16:02','00:00:02',179,'2022-10-04 15:16:06'),(1444,1154,'Completed',2,14,1,'2022-10-04 15:16:03','00:00:02',179,'2022-10-04 15:16:06'),(1445,1155,'Completed',3,15,1,'2022-10-04 15:16:03','00:00:10',179,'2022-10-04 15:16:35'),(1446,1156,'Completed',4,16,1,'2022-10-04 15:16:03','00:00:10',179,'2022-10-04 15:16:25'),(1447,1157,'Completed',3,15,1,'2022-10-04 15:16:03','00:00:10',179,'2022-10-04 15:16:35'),(1448,1158,'Completed',7,17,1,'2022-10-04 15:16:03','00:00:10',179,'2022-10-04 15:16:45'),(1449,1159,'Completed',3,18,1,'2022-10-04 15:16:04','00:00:10',179,'2022-10-04 15:16:55'),(1450,1160,'Completed',5,19,1,'2022-10-04 15:16:04','00:00:10',179,'2022-10-04 15:17:05'),(1451,1160,'Completed',2,19,1,'2022-10-04 15:16:04','00:00:10',179,'2022-10-04 15:17:05'),(1452,1161,'Completed',6,20,1,'2022-10-04 15:16:04','00:00:10',179,'2022-10-04 15:17:15'),(1453,1162,'Completed',1,14,1,'2022-10-04 15:17:38','00:00:03',180,'2022-10-04 15:17:41'),(1454,1162,'Completed',2,14,1,'2022-10-04 15:17:38','00:00:03',180,'2022-10-04 15:17:41'),(1455,1163,'Completed',3,15,1,'2022-10-04 15:17:38','00:00:10',180,'2022-10-04 15:18:10'),(1456,1164,'Completed',4,16,1,'2022-10-04 15:17:38','00:00:10',180,'2022-10-04 15:18:00'),(1457,1165,'Completed',3,15,1,'2022-10-04 15:17:38','00:00:10',180,'2022-10-04 15:18:10'),(1458,1166,'Completed',7,17,1,'2022-10-04 15:17:38','00:00:10',180,'2022-10-04 15:18:20'),(1459,1167,'Completed',3,18,1,'2022-10-04 15:17:38','00:00:10',180,'2022-10-04 15:18:30'),(1460,1168,'Completed',5,19,1,'2022-10-04 15:17:38','00:00:10',180,'2022-10-04 15:18:40'),(1461,1168,'Completed',2,19,1,'2022-10-04 15:17:38','00:00:10',180,'2022-10-04 15:18:40'),(1462,1169,'Completed',6,20,1,'2022-10-04 15:17:38','00:00:10',180,'2022-10-04 15:18:50'),(1463,1170,'Completed',1,14,1,'2022-10-04 15:32:47','00:00:02',181,'2022-10-04 15:32:50'),(1464,1170,'Completed',2,14,1,'2022-10-04 15:32:47','00:00:02',181,'2022-10-04 15:32:50'),(1465,1171,'Completed',3,15,1,'2022-10-04 15:32:47','00:00:10',181,'2022-10-04 15:33:19'),(1466,1172,'Completed',4,16,1,'2022-10-04 15:32:47','00:00:10',181,'2022-10-04 15:33:09'),(1467,1173,'Completed',3,15,1,'2022-10-04 15:32:47','00:00:10',181,'2022-10-04 15:33:19'),(1468,1174,'Completed',7,17,1,'2022-10-04 15:32:47','00:00:10',181,'2022-10-04 15:33:29'),(1469,1175,'Completed',3,18,1,'2022-10-04 15:32:47','00:00:10',181,'2022-10-04 15:33:39'),(1470,1176,'Completed',5,19,1,'2022-10-04 15:32:47','00:00:10',181,'2022-10-04 15:33:49'),(1471,1176,'Completed',2,19,1,'2022-10-04 15:32:48','00:00:10',181,'2022-10-04 15:33:49'),(1472,1177,'Completed',6,20,1,'2022-10-04 15:32:48','00:00:10',181,'2022-10-04 15:33:59'),(1473,1178,'Completed',1,14,1,'2022-10-04 15:39:06','00:00:02',182,'2022-10-04 15:39:10'),(1474,1178,'Completed',2,14,1,'2022-10-04 15:39:06','00:00:02',182,'2022-10-04 15:39:10'),(1475,1179,'Completed',3,15,1,'2022-10-04 15:39:06','00:00:10',182,'2022-10-04 15:39:39'),(1476,1180,'Completed',4,16,1,'2022-10-04 15:39:07','00:00:10',182,'2022-10-04 15:39:29'),(1477,1181,'Completed',3,15,1,'2022-10-04 15:39:07','00:00:10',182,'2022-10-04 15:39:39'),(1478,1182,'Completed',7,17,1,'2022-10-04 15:39:07','00:00:10',182,'2022-10-04 15:39:49'),(1479,1183,'Completed',3,18,1,'2022-10-04 15:39:07','00:00:10',182,'2022-10-04 15:39:59'),(1480,1184,'Completed',5,19,1,'2022-10-04 15:39:07','00:00:10',182,'2022-10-04 15:40:09'),(1481,1184,'Completed',2,19,1,'2022-10-04 15:39:07','00:00:10',182,'2022-10-04 15:40:09'),(1482,1185,'Completed',6,20,1,'2022-10-04 15:39:08','00:00:10',182,'2022-10-04 15:40:19'),(1483,1186,'Completed',1,14,1,'2022-10-04 15:41:16','00:00:02',183,'2022-10-04 15:41:20'),(1484,1186,'Completed',2,14,1,'2022-10-04 15:41:16','00:00:03',183,'2022-10-04 15:41:20'),(1485,1187,'Completed',3,15,1,'2022-10-04 15:41:16','00:00:10',183,'2022-10-04 15:41:49'),(1486,1188,'Completed',4,16,1,'2022-10-04 15:41:16','00:00:10',183,'2022-10-04 15:41:39'),(1487,1189,'Completed',3,15,1,'2022-10-04 15:41:17','00:00:10',183,'2022-10-04 15:41:49'),(1488,1190,'Completed',7,17,1,'2022-10-04 15:41:17','00:00:10',183,'2022-10-04 15:41:59'),(1489,1191,'Completed',3,18,1,'2022-10-04 15:41:17','00:00:10',183,'2022-10-04 15:42:09'),(1490,1192,'Completed',5,19,1,'2022-10-04 15:41:17','00:00:10',183,'2022-10-04 15:42:19'),(1491,1192,'Completed',2,19,1,'2022-10-04 15:41:17','00:00:10',183,'2022-10-04 15:42:19'),(1492,1193,'Completed',6,20,1,'2022-10-04 15:41:17','00:00:10',183,'2022-10-04 15:42:29'),(1493,1194,'Completed',1,14,1,'2022-10-04 15:44:31','00:00:03',184,'2022-10-04 15:44:35'),(1494,1194,'Completed',2,14,1,'2022-10-04 15:44:31','00:00:03',184,'2022-10-04 15:44:35'),(1495,1195,'Completed',3,15,1,'2022-10-04 15:44:31','00:00:10',184,'2022-10-04 15:45:04'),(1496,1196,'Completed',4,16,1,'2022-10-04 15:44:31','00:00:10',184,'2022-10-04 15:44:54'),(1497,1197,'Completed',3,15,1,'2022-10-04 15:44:32','00:00:10',184,'2022-10-04 15:45:04'),(1498,1198,'Completed',7,17,1,'2022-10-04 15:44:32','00:00:10',184,'2022-10-04 15:45:14'),(1499,1199,'Completed',3,18,1,'2022-10-04 15:44:32','00:00:10',184,'2022-10-04 15:45:24'),(1500,1200,'Completed',5,19,1,'2022-10-04 15:44:32','00:00:10',184,'2022-10-04 15:45:34'),(1501,1200,'Completed',2,19,1,'2022-10-04 15:44:32','00:00:10',184,'2022-10-04 15:45:34'),(1502,1201,'Completed',6,20,1,'2022-10-04 15:44:32','00:00:10',184,'2022-10-04 15:45:44'),(1503,1202,'Completed',1,14,1,'2022-10-05 11:14:17','00:00:02',185,'2022-10-05 11:14:22'),(1504,1202,'Completed',2,14,1,'2022-10-05 11:14:17','00:00:02',185,'2022-10-05 11:14:22'),(1505,1203,'Completed',3,15,1,'2022-10-05 11:14:18','00:00:20',185,'2022-10-05 11:15:21'),(1506,1204,'Completed',4,16,1,'2022-10-05 11:14:18','00:00:20',185,'2022-10-05 11:15:01'),(1507,1205,'Completed',3,15,1,'2022-10-05 11:14:19','00:00:20',185,'2022-10-05 11:15:21'),(1508,1206,'Completed',7,17,1,'2022-10-05 11:14:19','00:00:20',185,'2022-10-05 11:15:41'),(1509,1207,'Completed',3,18,1,'2022-10-05 11:14:19','00:00:20',185,'2022-10-05 11:16:01'),(1510,1208,'To-Do',5,19,1,'2022-10-05 11:14:19','00:00:00',185,'2022-10-05 11:14:19'),(1511,1208,'To-Do',2,19,1,'2022-10-05 11:14:20','00:00:00',185,'2022-10-05 11:14:20'),(1512,1209,'To-Do',6,20,1,'2022-10-05 11:14:20','00:00:00',185,'2022-10-05 11:14:20'),(1513,1210,'Completed',1,14,1,'2022-10-05 11:18:32','00:00:02',186,'2022-10-05 11:18:36'),(1514,1210,'Completed',2,14,1,'2022-10-05 11:18:32','00:00:02',186,'2022-10-05 11:18:36'),(1515,1211,'Completed',3,15,1,'2022-10-05 11:18:33','00:00:20',186,'2022-10-05 11:19:35'),(1516,1212,'Completed',4,16,1,'2022-10-05 11:18:33','00:00:20',186,'2022-10-05 11:19:15'),(1517,1213,'Completed',3,15,1,'2022-10-05 11:18:33','00:00:20',186,'2022-10-05 11:19:35'),(1518,1214,'Completed',7,17,1,'2022-10-05 11:18:33','00:00:20',186,'2022-10-05 11:19:55'),(1519,1215,'Completed',3,18,1,'2022-10-05 11:18:34','00:00:21',186,'2022-10-05 11:20:16'),(1520,1216,'Completed',5,19,1,'2022-10-05 11:18:34','00:00:19',186,'2022-10-05 11:20:35'),(1521,1216,'Completed',2,19,1,'2022-10-05 11:18:34','00:00:19',186,'2022-10-05 11:20:35'),(1522,1217,'Completed',6,20,1,'2022-10-05 11:18:34','00:00:20',186,'2022-10-05 11:20:55');
/*!40000 ALTER TABLE `order_workflow_flow_steps` ENABLE KEYS */;
UNLOCK TABLES;

--
-- Table structure for table `orders`
--

DROP TABLE IF EXISTS `orders`;
/*!40101 SET @saved_cs_client     = @@character_set_client */;
/*!50503 SET character_set_client = utf8mb4 */;
CREATE TABLE `orders` (
  `ID` int NOT NULL AUTO_INCREMENT,
  `OrderType` varchar(250) DEFAULT NULL,
  `OrderDateTime` datetime NOT NULL,
  `InventoryID` int NOT NULL,
  `status` tinyint(1) DEFAULT NULL,
  `Quantity` varchar(50) DEFAULT NULL,
  `WorkflowID` int DEFAULT NULL,
  PRIMARY KEY (`ID`),
  KEY `InventoryID` (`InventoryID`),
  CONSTRAINT `orders_ibfk_2` FOREIGN KEY (`InventoryID`) REFERENCES `inventory` (`ID`)
) ENGINE=InnoDB AUTO_INCREMENT=187 DEFAULT CHARSET=utf8mb4 COLLATE=utf8mb4_0900_ai_ci;
/*!40101 SET character_set_client = @saved_cs_client */;

--
-- Dumping data for table `orders`
--

LOCK TABLES `orders` WRITE;
/*!40000 ALTER TABLE `orders` DISABLE KEYS */;
INSERT INTO `orders` VALUES (160,'CEB','2022-10-03 12:00:00',2,NULL,'1',1),(161,'HSLP','2022-10-03 12:00:00',4,NULL,'1',2),(162,'CEB','2022-10-03 12:00:00',1,NULL,'1',1),(163,'CEB','2022-10-03 12:00:00',1,NULL,'1',1),(164,'HSLP','2022-10-03 12:00:00',4,NULL,'1',2),(165,'TP','2022-10-03 12:00:00',3,NULL,'1',3),(166,'HSLP','2022-10-03 12:00:00',4,NULL,'1',2),(167,'HSLP','2022-10-03 12:00:00',4,NULL,'1',2),(168,'CEB','2022-10-03 12:00:00',1,NULL,'1',1),(169,'CEB','2022-10-03 12:00:00',1,NULL,'1',1),(170,'CEB','2022-10-03 12:00:00',1,NULL,'1',1),(171,'HSLP','2022-10-03 12:00:00',4,NULL,'1',2),(172,'HSLP','2022-10-03 12:00:00',4,NULL,'1',2),(173,'HSLP','2022-10-03 12:00:00',4,NULL,'1',2),(174,'HSLP','2022-10-03 12:00:00',4,NULL,'1',2),(175,'HSLP','2022-10-03 12:00:00',4,NULL,'1',2),(176,'CEB','2022-10-03 12:00:00',2,NULL,'1',1),(177,'CEB','2022-10-03 12:00:00',2,NULL,'1',1),(178,'CEB','2022-10-03 12:00:00',2,NULL,'1',1),(179,'CEB','2022-10-03 12:00:00',2,NULL,'1',1),(180,'CEB','2022-10-03 12:00:00',2,NULL,'1',1),(181,'CEB','2022-10-03 12:00:00',2,NULL,'1',1),(182,'CEB','2022-10-03 12:00:00',2,NULL,'1',1),(183,'CEB','2022-10-03 12:00:00',2,NULL,'1',1),(184,'CEB','2022-10-03 12:00:00',1,NULL,'1',1),(185,'CEB','2022-10-03 12:00:00',1,NULL,'1',1),(186,'CEB','2022-10-03 12:00:00',2,NULL,'1',1);
/*!40000 ALTER TABLE `orders` ENABLE KEYS */;
UNLOCK TABLES;

--
-- Table structure for table `steps`
--

DROP TABLE IF EXISTS `steps`;
/*!40101 SET @saved_cs_client     = @@character_set_client */;
/*!50503 SET character_set_client = utf8mb4 */;
CREATE TABLE `steps` (
  `ID` int NOT NULL AUTO_INCREMENT,
  `Name` varchar(255) NOT NULL,
  `Type` varchar(255) DEFAULT NULL,
  `HardwareID` int DEFAULT NULL,
  `Setting1` varchar(255) DEFAULT NULL,
  `Setting2` varchar(255) DEFAULT NULL,
  PRIMARY KEY (`ID`)
) ENGINE=InnoDB AUTO_INCREMENT=16 DEFAULT CHARSET=utf8mb4 COLLATE=utf8mb4_0900_ai_ci;
/*!40101 SET character_set_client = @saved_cs_client */;

--
-- Dumping data for table `steps`
--

LOCK TABLES `steps` WRITE;
/*!40000 ALTER TABLE `steps` DISABLE KEYS */;
INSERT INTO `steps` VALUES (1,'Carton Erector',NULL,1,'Setting-I','Setting-II'),(2,'Scanner with Portal',NULL,2,'Setting-I','Setting-II'),(3,'AMR',NULL,4,'Setting-I','Setting-II'),(4,'Heavy Lifting Arm',NULL,5,'Setting-I','Setting-II'),(5,'Conveyco',NULL,7,'Setting-I','Setting-II'),(6,'Conveyor',NULL,6,'Setting-I','Setting-II'),(7,'AutoStore',NULL,1,'Setting-I','Setting-II');
/*!40000 ALTER TABLE `steps` ENABLE KEYS */;
UNLOCK TABLES;

--
-- Table structure for table `storage_locations`
--

DROP TABLE IF EXISTS `storage_locations`;
/*!40101 SET @saved_cs_client     = @@character_set_client */;
/*!50503 SET character_set_client = utf8mb4 */;
CREATE TABLE `storage_locations` (
  `ID` int NOT NULL AUTO_INCREMENT,
  `Name` varchar(200) NOT NULL,
  `BuildingNo` varchar(200) NOT NULL,
  `BlockNo` varchar(200) NOT NULL,
  `HardwareID` int DEFAULT NULL,
  `LPN` varchar(200) DEFAULT NULL,
  PRIMARY KEY (`ID`),
  KEY `HardwareID` (`HardwareID`),
  CONSTRAINT `storage_locations_ibfk_1` FOREIGN KEY (`HardwareID`) REFERENCES `hardware` (`ID`)
) ENGINE=InnoDB AUTO_INCREMENT=3 DEFAULT CHARSET=latin1;
/*!40101 SET character_set_client = @saved_cs_client */;

--
-- Dumping data for table `storage_locations`
--

LOCK TABLES `storage_locations` WRITE;
/*!40000 ALTER TABLE `storage_locations` DISABLE KEYS */;
/*!40000 ALTER TABLE `storage_locations` ENABLE KEYS */;
UNLOCK TABLES;

--
-- Table structure for table `workflow_flows`
--

DROP TABLE IF EXISTS `workflow_flows`;
/*!40101 SET @saved_cs_client     = @@character_set_client */;
/*!50503 SET character_set_client = utf8mb4 */;
CREATE TABLE `workflow_flows` (
  `ID` int NOT NULL AUTO_INCREMENT,
  `WorkflowID` int NOT NULL,
  `FlowID` int NOT NULL,
  `FlowOrder` varchar(255) NOT NULL,
  PRIMARY KEY (`ID`),
  KEY `FlowID` (`FlowID`),
  CONSTRAINT `workflow_flows_ibfk_2` FOREIGN KEY (`FlowID`) REFERENCES `flows` (`ID`)
) ENGINE=InnoDB AUTO_INCREMENT=17 DEFAULT CHARSET=utf8mb4 COLLATE=utf8mb4_0900_ai_ci;
/*!40101 SET character_set_client = @saved_cs_client */;

--
-- Dumping data for table `workflow_flows`
--

LOCK TABLES `workflow_flows` WRITE;
/*!40000 ALTER TABLE `workflow_flows` DISABLE KEYS */;
INSERT INTO `workflow_flows` VALUES (1,1,14,'1'),(2,1,15,'2'),(3,1,16,'3'),(4,1,15,'4'),(5,1,17,'5'),(6,1,18,'6'),(7,1,19,'7'),(8,1,20,'8'),(9,2,14,'1'),(10,2,15,'2'),(11,2,16,'3'),(12,2,18,'4'),(13,2,19,'5'),(14,2,20,'6'),(15,3,15,'1'),(16,3,18,'2');
/*!40000 ALTER TABLE `workflow_flows` ENABLE KEYS */;
UNLOCK TABLES;

--
-- Table structure for table `workflows`
--

DROP TABLE IF EXISTS `workflows`;
/*!40101 SET @saved_cs_client     = @@character_set_client */;
/*!50503 SET character_set_client = utf8mb4 */;
CREATE TABLE `workflows` (
  `ID` int NOT NULL AUTO_INCREMENT,
  `Name` varchar(255) NOT NULL,
  `StorageLocationID` int DEFAULT NULL,
  `FlowType` varchar(255) DEFAULT NULL,
  PRIMARY KEY (`ID`)
) ENGINE=InnoDB AUTO_INCREMENT=4 DEFAULT CHARSET=utf8mb4 COLLATE=utf8mb4_0900_ai_ci;
/*!40101 SET character_set_client = @saved_cs_client */;

--
-- Dumping data for table `workflows`
--

LOCK TABLES `workflows` WRITE;
/*!40000 ALTER TABLE `workflows` DISABLE KEYS */;
INSERT INTO `workflows` VALUES (1,'Heavy Multi Line Work Flow',0,NULL),(2,'Heavy Single Line Work Flow',0,'HSLP'),(3,'Transport Only Flow',0,NULL);
/*!40000 ALTER TABLE `workflows` ENABLE KEYS */;
UNLOCK TABLES;
/*!40103 SET TIME_ZONE=@OLD_TIME_ZONE */;

/*!40101 SET SQL_MODE=@OLD_SQL_MODE */;
/*!40014 SET FOREIGN_KEY_CHECKS=@OLD_FOREIGN_KEY_CHECKS */;
/*!40014 SET UNIQUE_CHECKS=@OLD_UNIQUE_CHECKS */;
/*!40101 SET CHARACTER_SET_CLIENT=@OLD_CHARACTER_SET_CLIENT */;
/*!40101 SET CHARACTER_SET_RESULTS=@OLD_CHARACTER_SET_RESULTS */;
/*!40101 SET COLLATION_CONNECTION=@OLD_COLLATION_CONNECTION */;
/*!40111 SET SQL_NOTES=@OLD_SQL_NOTES */;

-- Dump completed on 2022-10-06 10:35:58
